user_id,date,source_type,personal_goal_minutes,total_minutes,night_minutes,open_count,notification_count,app_count,top_app_minutes,video,sns,game,browser,productivity,other,weekday,is_weekend,avg_session_minutes_proxy,night_ratio,notification_per_open,previous_day_total,rolling_7d_total,rolling_3d_total,target_next_day_minutes,next_day_goal_minutes,target_goal_exceeded,goal_risk_label,user_type_label
synthetic_user_001,2026-01-01,synthetic,330.0,315.81,67.07000000000001,46,48,7,78.66,78.66,112.80000000000001,41.22,27.09,56.040000000000006,0,3,False,6.865434782608696,0.21237452898894907,1.0434782608695652,315.81,315.81,315.81,340.47,330.0,True,over_goal,social_loop
synthetic_user_001,2026-01-02,synthetic,330.0,340.47,77.06,49,66,7,109.06,109.06,105.22,43.37,30.36,52.46,0,4,False,6.948367346938776,0.22633418509707168,1.346938775510204,315.81,315.81,315.81,406.34000000000003,330.0,True,over_goal,balanced
synthetic_user_001,2026-01-03,synthetic,330.0,406.34000000000003,86.06,61,73,7,131.81,131.81,121.80000000000001,84.92,36.87,30.94,0,5,True,6.661311475409836,0.21179307968696165,1.1967213114754098,340.47,328.14,328.14,397.03000000000003,330.0,True,over_goal,balanced
synthetic_user_001,2026-01-04,synthetic,330.0,397.03000000000003,84.22,61,68,7,124.39,124.39,130.54,72.48,37.04,32.58,0,6,True,6.5086885245901644,0.21212502833539026,1.1147540983606556,406.34000000000003,354.2066666666667,354.2066666666667,304.96000000000004,330.0,False,within_goal,social_loop
synthetic_user_001,2026-01-05,synthetic,330.0,304.96000000000004,64.45,45,56,7,71.9,54.9,128.54000000000002,40.31,31.2,50.010000000000005,0,0,False,6.77688888888889,0.21133919202518361,1.2444444444444445,397.03000000000003,364.9125,381.28000000000003,327.61,330.0,False,within_goal,social_loop
synthetic_user_001,2026-01-06,synthetic,330.0,327.61,67.78,56,59,7,95.68,95.68,107.64,47.88,27.68,48.730000000000004,0,1,False,5.850178571428572,0.2068923415036171,1.0535714285714286,304.96000000000004,352.922,369.4433333333334,279.69,330.0,False,within_goal,social_loop
synthetic_user_001,2026-01-07,synthetic,330.0,279.69,47.07,45,37,7,64.76,64.76,97.31,41.38,25.41,50.83,0,2,False,6.215333333333334,0.16829346776788587,0.8222222222222222,327.61,348.7033333333334,343.2,304.29,330.0,False,within_goal,social_loop
synthetic_user_001,2026-01-08,synthetic,330.0,304.29,63.77,38,50,7,79.22,79.22,107.68,48.84,23.07,45.480000000000004,0,3,False,8.007631578947368,0.20956981826547044,1.3157894736842106,279.69,338.8442857142858,304.08666666666664,357.67,330.0,True,over_goal,social_loop
synthetic_user_001,2026-01-09,synthetic,330.0,357.67,75.52,52,66,7,97.31,97.31,127.22,42.84,36.01,54.290000000000006,0,4,False,6.878269230769231,0.21114435093801548,1.2692307692307692,304.29,337.1985714285715,303.86333333333334,428.04,330.0,True,over_goal,social_loop
synthetic_user_001,2026-01-10,synthetic,330.0,428.04,99.01,65,85,7,124.39,124.39,140.62,85.68,34.62,42.730000000000004,0,5,True,6.58523076923077,0.2313101579291655,1.3076923076923077,357.67,339.6557142857143,313.8833333333334,404.52,330.0,True,over_goal,social_loop
synthetic_user_001,2026-01-11,synthetic,330.0,404.52,91.22,47,41,7,124.82,124.82,134.67000000000002,65.25,40.21,39.57,0,6,True,8.606808510638297,0.22550182932858698,0.8723404255319149,428.04,342.7557142857143,363.3333333333333,281.24,330.0,False,within_goal,social_loop
synthetic_user_001,2026-01-12,synthetic,330.0,281.24,64.4,54,67,7,65.77,65.77,96.31,27.62,36.75,54.79,0,0,False,5.208148148148148,0.22898591949935998,1.2407407407407407,404.52,343.8257142857143,396.74333333333334,320.8,330.0,False,within_goal,social_loop
synthetic_user_001,2026-01-13,synthetic,330.0,320.8,75.61,53,55,7,87.91,87.91,104.74,37.84,32.95,57.36,0,1,False,6.052830188679246,0.23569201995012468,1.0377358490566038,281.24,340.4371428571429,371.26666666666665,350.1,330.0,True,over_goal,social_loop
synthetic_user_001,2026-01-14,synthetic,330.0,350.1,81.5,53,42,7,86.23,86.23,133.67000000000002,47.87,30.48,51.85,0,2,False,6.605660377358491,0.23279063124821478,0.7924528301886793,320.8,339.4642857142857,335.52,305.21,330.0,False,within_goal,social_loop
synthetic_user_001,2026-01-15,synthetic,330.0,305.21,49.54,52,50,7,80.43,80.43,98.49,40.66,33.97,51.66,0,3,False,5.869423076923076,0.16231447200288326,0.9615384615384616,350.1,349.5228571428571,317.38000000000005,341.85,330.0,True,over_goal,social_loop
synthetic_user_001,2026-01-16,synthetic,330.0,341.85,77.72999999999999,38,36,7,104.39,104.39,111.41,44.1,33.21,48.739999999999995,0,4,False,8.996052631578948,0.22738043001316363,0.9473684210526315,305.21,349.6542857142857,325.37,393.33,330.0,True,over_goal,social_loop
synthetic_user_001,2026-01-17,synthetic,330.0,393.33,92.53,67,55,7,103.3,103.3,132.20999999999998,78.24,36.31,43.269999999999996,0,5,True,5.870597014925373,0.23524775633691813,0.8208955223880597,341.85,347.3942857142857,332.38666666666666,396.26,330.0,True,over_goal,social_loop
synthetic_user_001,2026-01-18,synthetic,330.0,396.26,92.52,58,63,7,102.76,102.76,152.53,85.62,37.29,18.06,0,6,True,6.832068965517241,0.23348306667339624,1.0862068965517242,393.33,342.43571428571425,346.7966666666666,289.16,330.0,False,within_goal,social_loop
synthetic_user_001,2026-01-19,synthetic,330.0,289.16,44.07,50,53,7,69.78,69.78,104.95,30.8,30.75,52.879999999999995,0,0,False,5.783200000000001,0.15240697191866093,1.06,396.26,341.2557142857143,377.1466666666667,268.52,330.0,False,within_goal,social_loop
synthetic_user_001,2026-01-20,synthetic,330.0,268.52,59.32,50,64,7,57.04,57.04,98.61,38.33,20.49,54.05,0,1,False,5.3704,0.22091464322955462,1.28,289.16,342.38714285714286,359.5833333333333,305.24,330.0,False,within_goal,social_loop
synthetic_user_001,2026-01-21,synthetic,330.0,305.24,59.78,63,76,7,82.62,82.62,103.61,37.16,32.31,49.54,0,2,False,4.845079365079365,0.1958458917573057,1.2063492063492063,268.52,334.9185714285714,317.98,291.61,330.0,False,within_goal,social_loop
synthetic_user_001,2026-01-22,synthetic,330.0,291.61,60.21,40,55,7,72.93,64.86,113.12,37.4,29.94,46.29,0,3,False,7.29025,0.20647440074071532,1.375,305.24,328.51000000000005,287.64000000000004,342.0,330.0,True,over_goal,social_loop
synthetic_user_001,2026-01-23,synthetic,330.0,342.0,77.86,42,56,7,123.3,123.3,113.99000000000001,28.59,32.07,44.05,0,4,False,8.142857142857142,0.22766081871345029,1.3333333333333333,291.61,326.56714285714287,288.45666666666665,361.02,330.0,True,over_goal,balanced
synthetic_user_001,2026-01-24,synthetic,330.0,361.02,81.27000000000001,45,63,7,120.87,120.87,105.49000000000001,75.13,39.24,20.29,0,5,True,8.022666666666666,0.2251121821505734,1.4,342.0,326.5885714285714,312.95,425.7,330.0,True,over_goal,balanced
synthetic_user_001,2026-01-25,synthetic,330.0,425.7,114.56,67,60,7,137.42,137.42,121.82000000000001,88.25,45.01,33.2,0,6,True,6.353731343283582,0.2691097016678412,0.8955223880597015,361.02,321.97285714285715,331.54333333333335,287.65000000000003,330.0,False,within_goal,balanced
synthetic_user_001,2026-01-26,synthetic,330.0,287.65000000000003,65.79,51,62,7,66.84,66.45,102.24000000000001,27.23,30.55,61.18,0,0,False,5.640196078431373,0.22871545280723102,1.2156862745098038,425.7,326.17857142857144,376.24,330.07,330.0,True,over_goal,social_loop
synthetic_user_001,2026-01-27,synthetic,330.0,330.07,74.91,58,61,7,96.53,96.53,111.95,40.7,33.94,46.95,0,1,False,5.690862068965517,0.2269518586966401,1.0517241379310345,287.65000000000003,325.96285714285716,358.1233333333333,334.20000000000005,330.0,True,over_goal,social_loop
synthetic_user_001,2026-01-28,synthetic,330.0,334.20000000000005,59.5,54,58,7,77.43,77.43,119.88000000000001,39.1,34.78,63.01,0,2,False,6.18888888888889,0.17803710353081983,1.0740740740740742,330.07,334.7557142857143,347.8066666666667,308.18,330.0,False,within_goal,social_loop
synthetic_user_001,2026-01-29,synthetic,330.0,308.18,73.06,52,51,7,74.07,74.07,110.43,41.81,24.84,57.03,0,3,False,5.9265384615384615,0.23706924524628464,0.9807692307692307,334.20000000000005,338.89285714285717,317.3066666666667,332.23,330.0,True,over_goal,social_loop
synthetic_user_001,2026-01-30,synthetic,330.0,332.23,78.15,49,53,7,116.89,116.89,98.82,47.53,31.06,37.93,0,4,False,6.780204081632654,0.23522860668813775,1.0816326530612246,308.18,341.26000000000005,324.15000000000003,413.09,330.0,True,over_goal,balanced
synthetic_user_001,2026-01-31,synthetic,330.0,413.09,69.62,68,73,7,129.2,129.2,141.83,78.99,31.32,31.75,0,5,True,6.07485294117647,0.16853470188094608,1.0735294117647058,332.23,339.86428571428576,324.87000000000006,379.67,330.0,True,over_goal,social_loop
synthetic_user_001,2026-02-01,synthetic,330.0,379.67,98.64,59,57,7,107.01,107.01,136.49,78.27,36.55,21.35,0,6,True,6.435084745762712,0.25980456712408145,0.9661016949152542,413.09,347.30285714285714,351.1666666666667,344.23,330.0,True,over_goal,social_loop
synthetic_user_001,2026-02-02,synthetic,330.0,344.23,52.629999999999995,50,54,7,84.39,84.39,113.92,49.17,38.54,58.21,0,0,False,6.884600000000001,0.15289196176974695,1.08,379.67,340.7271428571429,374.99666666666667,336.17,330.0,True,over_goal,social_loop
synthetic_user_001,2026-02-03,synthetic,330.0,336.17,67.01,47,69,7,84.55,84.55,115.05,44.18,33.86,58.53,0,1,False,7.152553191489362,0.1993336704643484,1.4680851063829787,344.23,348.81,378.99666666666667,305.24,330.0,False,within_goal,social_loop
synthetic_user_001,2026-02-04,synthetic,330.0,305.24,55.2,49,69,7,75.64,75.64,103.07,37.36,33.93,55.239999999999995,0,2,False,6.229387755102041,0.18084130520246364,1.4081632653061225,336.17,349.6814285714286,353.35666666666674,293.88,330.0,False,within_goal,social_loop
synthetic_user_001,2026-02-05,synthetic,330.0,293.88,67.96,50,66,7,72.43,72.43,96.32,30.14,34.39,60.6,0,3,False,5.8776,0.23125085068735537,1.32,305.24,345.5442857142857,328.5466666666667,321.46,330.0,False,within_goal,social_loop
synthetic_user_001,2026-02-06,synthetic,330.0,321.46,83.79,55,62,7,103.38,103.38,107.55,43.25,22.42,44.86,0,4,False,5.8447272727272725,0.2606545137808748,1.1272727272727272,293.88,343.5014285714286,311.7633333333333,431.58,330.0,True,over_goal,social_loop
synthetic_user_001,2026-02-07,synthetic,330.0,431.58,109.02,70,63,7,150.28,150.28,134.23,89.96,34.59,22.520000000000003,0,5,True,6.1654285714285715,0.25260670095926596,0.9,321.46,341.96285714285716,306.85999999999996,440.90000000000003,330.0,True,over_goal,balanced
synthetic_user_001,2026-02-08,synthetic,330.0,440.90000000000003,92.8,58,73,7,141.13,141.13,139.2,80.43,44.8,35.34,0,6,True,7.601724137931035,0.21047856656838282,1.2586206896551724,431.58,344.6042857142857,348.9733333333333,296.90999999999997,330.0,False,within_goal,balanced
synthetic_user_001,2026-02-09,synthetic,330.0,296.90999999999997,47.32,46,53,7,69.52,62.14,111.92999999999999,29.12,32.68,61.04,0,0,False,6.454565217391304,0.15937489474925062,1.1521739130434783,440.90000000000003,353.3514285714286,397.98,291.74,330.0,False,within_goal,social_loop
synthetic_user_001,2026-02-10,synthetic,330.0,291.74,58.31,42,34,7,78.71,78.71,93.53999999999999,37.2,34.82,47.47,0,1,False,6.946190476190476,0.1998697470350312,0.8095238095238095,296.90999999999997,346.59142857142854,389.7966666666666,276.2,330.0,False,within_goal,social_loop
synthetic_user_001,2026-02-11,synthetic,330.0,276.2,68.0,40,40,7,75.3,75.3,94.91,39.97,20.0,46.019999999999996,0,2,False,6.904999999999999,0.24619840695148446,1.0,291.74,340.2442857142857,343.1833333333334,282.51,330.0,False,within_goal,social_loop
synthetic_user_001,2026-02-12,synthetic,330.0,282.51,57.69,44,55,7,72.39,72.39,96.36,25.54,37.8,50.42,0,3,False,6.420681818181818,0.2042051608792609,1.25,276.2,336.0957142857143,288.2833333333333,352.35,330.0,True,over_goal,social_loop
synthetic_user_001,2026-02-13,synthetic,330.0,352.35,73.58,45,44,7,115.28,115.28,116.24000000000001,36.61,41.21,43.010000000000005,0,4,False,7.83,0.20882645097204483,0.9777777777777777,282.51,334.47142857142853,283.48333333333335,397.89,330.0,True,over_goal,social_loop
synthetic_user_001,2026-02-14,synthetic,330.0,397.89,85.23,64,55,7,131.21,131.21,119.14,84.22,36.51,26.810000000000002,0,5,True,6.21703125,0.21420493101108348,0.859375,352.35,338.88428571428574,303.68666666666667,319.48,330.0,False,within_goal,balanced
synthetic_user_001,2026-02-15,synthetic,330.0,319.48,86.46,52,42,7,114.48,114.48,94.06,53.33,29.46,28.15,0,6,True,6.143846153846154,0.270627269312633,0.8076923076923077,397.89,334.07142857142856,344.25,204.19,330.0,False,within_goal,balanced
synthetic_user_001,2026-02-16,synthetic,330.0,204.19,45.72,41,29,7,54.22,46.17,78.68,35.62,17.94,25.78,0,0,False,4.980243902439025,0.22390910426563496,0.7073170731707317,319.48,316.7257142857143,356.5733333333333,220.02,330.0,False,within_goal,social_loop
synthetic_user_001,2026-02-17,synthetic,330.0,220.02,51.85,35,39,7,55.02,55.02,50.239999999999995,39.53,27.08,48.15,0,1,False,6.2862857142857145,0.23566039450959003,1.1142857142857143,204.19,303.48,307.18666666666667,232.24,330.0,False,within_goal,balanced
synthetic_user_001,2026-02-18,synthetic,330.0,232.24,35.58,38,42,7,73.24,73.24,71.63,26.8,20.14,40.43,0,2,False,6.111578947368422,0.15320358250086116,1.105263157894737,220.02,293.2342857142857,247.89666666666668,218.93,330.0,False,within_goal,balanced
synthetic_user_001,2026-02-19,synthetic,330.0,218.93,53.03,41,41,7,77.21,77.21,65.64,32.76,12.64,30.68,0,3,False,5.339756097560976,0.24222354177134245,1.0,232.24,286.95428571428573,218.8166666666667,184.65,330.0,False,within_goal,balanced
synthetic_user_001,2026-02-20,synthetic,330.0,184.65,35.16,34,28,7,55.84,38.35,84.63,12.61,19.26,29.800000000000004,0,4,False,5.430882352941176,0.1904142973192526,0.8235294117647058,218.93,277.87142857142857,223.73000000000002,281.05,330.0,False,within_goal,social_loop
synthetic_user_001,2026-02-21,synthetic,330.0,281.05,63.34,48,47,7,93.99,93.99,94.34,54.87,27.68,10.17,0,5,True,5.855208333333334,0.22536915139654867,0.9791666666666666,184.65,253.91428571428574,211.94000000000003,302.76,330.0,False,within_goal,social_loop
synthetic_user_001,2026-02-22,synthetic,330.0,302.76,70.98,47,43,7,94.19,94.19,93.41,59.01,32.09,24.06,0,6,True,6.441702127659574,0.23444312326595326,0.9148936170212766,281.05,237.22285714285712,228.21000000000004,239.21,330.0,False,within_goal,balanced
synthetic_user_001,2026-02-23,synthetic,330.0,239.21,46.72,43,42,7,49.58,49.58,86.72,23.97,26.23,52.71000000000001,0,0,False,5.563023255813953,0.1953095606370971,0.9767441860465116,302.76,234.8342857142857,256.15333333333336,216.27,330.0,False,within_goal,social_loop
synthetic_user_001,2026-02-24,synthetic,330.0,216.27,37.96,40,35,7,53.15,53.15,68.53,34.57,27.66,32.36,0,1,False,5.406750000000001,0.1755213390669071,0.875,239.21,239.83714285714288,274.34,222.81,330.0,False,within_goal,social_loop
synthetic_user_001,2026-02-25,synthetic,330.0,222.81,42.57,46,46,7,54.82,42.93,88.47,22.55,24.03,44.83,0,2,False,4.843695652173913,0.19105964723306854,1.0,216.27,239.30142857142854,252.74666666666667,219.09,330.0,False,within_goal,social_loop
synthetic_user_001,2026-02-26,synthetic,330.0,219.09,36.75,34,39,7,53.24,47.17,87.6,19.55,30.34,34.43,0,3,False,6.443823529411765,0.1677392852252499,1.1470588235294117,222.81,237.9542857142857,226.09666666666666,220.2,330.0,False,within_goal,social_loop
synthetic_user_001,2026-02-27,synthetic,330.0,220.2,52.86,40,48,7,54.04,54.04,72.69,35.36,20.92,37.19,0,4,False,5.505,0.24005449591280656,1.2,219.09,237.97714285714287,219.39,316.65,330.0,False,within_goal,social_loop
synthetic_user_001,2026-02-28,synthetic,330.0,316.65,72.53999999999999,39,56,7,92.44,92.44,125.42,51.44,27.33,20.02,0,5,True,8.119230769230768,0.22908574135480814,1.435897435897436,220.2,243.0557142857143,220.70000000000002,428.01,330.0,True,over_goal,social_loop
synthetic_user_001,2026-03-01,synthetic,330.0,428.01,93.4,70,67,7,114.11,114.11,139.67,86.6,48.7,38.93,0,6,True,6.114428571428571,0.21821920048596996,0.9571428571428572,316.65,248.14142857142858,251.98000000000002,319.9,330.0,False,within_goal,social_loop
synthetic_user_001,2026-03-02,synthetic,330.0,319.9,77.19,38,63,7,71.33,71.33,107.63,48.83,30.52,61.59,0,0,False,8.418421052631578,0.24129415442325727,1.6578947368421053,428.01,266.0342857142857,321.61999999999995,332.94,330.0,True,over_goal,social_loop
synthetic_user_001,2026-03-03,synthetic,330.0,332.94,77.38,45,50,7,87.59,87.59,109.85,48.91,25.93,60.66,0,1,False,7.398666666666666,0.23241424881360004,1.1111111111111112,319.9,277.56142857142856,354.8533333333333,292.27,330.0,False,within_goal,social_loop
synthetic_user_001,2026-03-04,synthetic,330.0,292.27,52.86,33,25,7,81.05,81.05,97.52,32.02,33.58,48.1,0,2,False,8.856666666666666,0.1808601635474048,0.7575757575757576,332.94,294.2285714285714,360.2833333333333,314.40999999999997,330.0,False,within_goal,social_loop
synthetic_user_001,2026-03-05,synthetic,330.0,314.40999999999997,57.27,58,54,7,91.28,91.28,103.38,38.75,37.26,43.74,0,3,False,5.4208620689655165,0.18215069495245065,0.9310344827586207,292.27,304.15142857142854,315.0366666666667,325.14,330.0,False,within_goal,social_loop
synthetic_user_001,2026-03-06,synthetic,330.0,325.14,63.65,40,46,7,96.41,96.41,100.69,36.23,35.39,56.42,0,4,False,8.128499999999999,0.19576182567509381,1.15,314.40999999999997,317.76857142857136,313.20666666666665,415.82,330.0,True,over_goal,social_loop
synthetic_user_001,2026-03-07,synthetic,330.0,415.82,108.67,62,72,7,126.28,126.28,131.26,75.38,45.27,37.63,0,5,True,6.706774193548387,0.26133904093117216,1.1612903225806452,325.14,332.75999999999993,310.6066666666667,401.42,330.0,True,over_goal,social_loop
synthetic_user_001,2026-03-08,synthetic,330.0,401.42,93.23,65,82,7,122.68,122.68,122.77,82.41,43.07,30.49,0,6,True,6.175692307692308,0.23225051068706093,1.2615384615384615,415.82,346.9271428571428,351.78999999999996,315.76,330.0,False,within_goal,social_loop
synthetic_user_001,2026-03-09,synthetic,330.0,315.76,71.06,49,80,7,83.25,63.7,121.99000000000001,41.63,36.96,51.480000000000004,0,0,False,6.444081632653061,0.22504433747149735,1.6326530612244898,401.42,343.12857142857143,380.79333333333335,272.63,330.0,False,within_goal,social_loop
synthetic_user_001,2026-03-10,synthetic,330.0,272.63,52.95,40,43,7,77.46,77.46,83.94999999999999,31.15,28.5,51.57,0,1,False,6.8157499999999995,0.19421927154018268,1.075,315.76,342.53714285714284,377.6666666666667,279.1,330.0,False,within_goal,social_loop
synthetic_user_001,2026-03-11,synthetic,330.0,279.1,64.13,33,30,7,63.37,63.37,97.4,33.53,31.08,53.72,0,2,False,8.457575757575759,0.22977427445360082,0.9090909090909091,272.63,333.9214285714285,329.93666666666667,300.67,330.0,False,within_goal,social_loop
synthetic_user_001,2026-03-12,synthetic,330.0,300.67,65.69,47,43,7,89.79,89.79,85.22,40.43,32.75,52.480000000000004,0,3,False,6.397234042553192,0.21847873083446967,0.9148936170212766,279.1,332.04,289.16333333333336,307.77,330.0,False,within_goal,balanced
synthetic_user_001,2026-03-13,synthetic,330.0,307.77,52.42,50,62,7,88.22,88.22,94.69,45.78,29.94,49.14,0,4,False,6.155399999999999,0.17032199369659162,1.24,300.67,330.07714285714286,284.1333333333334,422.02,330.0,True,over_goal,social_loop
synthetic_user_001,2026-03-14,synthetic,330.0,422.02,115.5,62,60,7,127.5,127.5,143.32,80.29,36.85,34.06,0,5,True,6.806774193548387,0.2736837116724326,0.967741935483871,307.77,327.5957142857143,295.84666666666675,404.28000000000003,330.0,True,over_goal,social_loop
synthetic_user_001,2026-03-15,synthetic,330.0,404.28000000000003,97.01,64,68,7,116.65,116.65,138.69,84.47,37.17,27.3,0,6,True,6.3168750000000005,0.23995745522904918,1.0625,422.02,328.4814285714286,343.4866666666667,305.07,330.0,False,within_goal,social_loop
synthetic_user_001,2026-03-16,synthetic,330.0,305.07,64.65,48,49,7,63.91,63.05,103.57,42.81,31.21,64.43,0,0,False,6.355625,0.2119185760645098,1.0208333333333333,404.28000000000003,328.89,378.02333333333337,288.19,330.0,False,within_goal,social_loop
synthetic_user_001,2026-03-17,synthetic,330.0,288.19,40.980000000000004,50,63,7,62.12,62.12,109.16,38.82,29.97,48.120000000000005,0,1,False,5.7638,0.14219785558138728,1.26,305.07,327.36285714285714,377.1233333333334,294.98,330.0,False,within_goal,social_loop
synthetic_user_001,2026-03-18,synthetic,330.0,294.98,77.92,49,62,7,66.39,60.61,115.64,25.53,36.6,56.599999999999994,0,2,False,6.0200000000000005,0.2641535019323344,1.2653061224489797,288.19,329.5857142857143,332.5133333333334,303.68,330.0,False,within_goal,social_loop
synthetic_user_001,2026-03-19,synthetic,330.0,303.68,78.73,42,48,7,80.07,80.07,105.47999999999999,39.11,28.23,50.79,0,3,False,7.230476190476191,0.2592531612223393,1.1428571428571428,294.98,331.8542857142857,296.08,363.15999999999997,330.0,True,over_goal,social_loop
synthetic_user_001,2026-03-20,synthetic,330.0,363.15999999999997,78.48,63,70,7,104.36,104.36,123.43,55.24,30.29,49.84,0,4,False,5.764444444444444,0.21610309505452147,1.1111111111111112,303.68,332.28428571428566,295.61666666666673,422.58,330.0,True,over_goal,social_loop
synthetic_user_001,2026-03-21,synthetic,330.0,422.58,97.84,74,67,7,141.54,141.54,129.48000000000002,86.01,38.55,27.0,0,5,True,5.71054054054054,0.2315301244734725,0.9054054054054054,363.15999999999997,340.19714285714286,320.6066666666666,398.42,330.0,True,over_goal,balanced
synthetic_user_001,2026-03-22,synthetic,330.0,398.42,92.62,71,86,7,119.74,119.74,135.74,73.09,38.99,30.86,0,6,True,5.6115492957746484,0.23246824958586418,1.2112676056338028,422.58,340.27714285714285,363.14000000000004,338.48,330.0,True,over_goal,social_loop
synthetic_user_001,2026-03-23,synthetic,330.0,338.48,78.96000000000001,54,72,7,99.16,99.16,111.27000000000001,42.26,33.47,52.32,0,0,False,6.268148148148149,0.2332781848262822,1.3333333333333333,398.42,339.44,394.72,320.6,330.0,False,within_goal,social_loop
synthetic_user_001,2026-03-24,synthetic,330.0,320.6,65.71,49,69,7,90.19,90.19,105.06,43.12,34.14,48.09,0,1,False,6.542857142857144,0.20495945102931998,1.4081632653061225,338.48,344.2128571428571,386.49333333333334,306.73,330.0,False,within_goal,social_loop
synthetic_user_001,2026-03-25,synthetic,330.0,306.73,48.93,50,58,7,84.32,84.32,101.97,46.63,24.72,49.09,0,2,False,6.134600000000001,0.15952140318847194,1.16,320.6,348.8428571428571,352.50000000000006,318.91,330.0,False,within_goal,social_loop
synthetic_user_001,2026-03-26,synthetic,330.0,318.91,71.7,44,39,7,83.45,83.45,115.4,44.8,25.35,49.91,0,3,False,7.247954545454546,0.2248283214700072,0.8863636363636364,306.73,350.52142857142854,321.9366666666667,336.59000000000003,330.0,True,over_goal,social_loop
synthetic_user_001,2026-03-27,synthetic,330.0,336.59000000000003,66.25,56,67,7,103.48,103.48,104.34,45.17,34.02,49.58,0,4,False,6.010535714285715,0.19682700020796814,1.1964285714285714,318.91,352.69714285714286,315.41333333333336,431.21000000000004,330.0,True,over_goal,social_loop
synthetic_user_001,2026-03-28,synthetic,330.0,431.21000000000004,95.59,63,72,7,136.4,136.4,132.67000000000002,85.82,54.85,21.47,0,5,True,6.844603174603175,0.22167853250156536,1.1428571428571428,336.59000000000003,348.90142857142865,320.7433333333334,420.41,330.0,True,over_goal,balanced
synthetic_user_001,2026-03-29,synthetic,330.0,420.41,83.25,51,57,7,130.55,130.55,133.14,73.8,47.68,35.24,0,6,True,8.243333333333334,0.19802097951999237,1.1176470588235294,431.21000000000004,350.13428571428574,362.2366666666667,300.59,330.0,False,within_goal,social_loop
synthetic_user_001,2026-03-30,synthetic,330.0,300.59,54.56,37,37,7,80.83,80.83,101.0,32.52,33.66,52.58,0,0,False,8.124054054054053,0.18150969759473037,1.0,420.41,353.27571428571434,396.07,309.79,330.0,False,within_goal,social_loop
synthetic_user_001,2026-03-31,synthetic,330.0,309.79,66.26,55,70,7,87.62,87.62,104.57,26.69,38.29,52.62,0,1,False,5.632545454545455,0.2138868265599277,1.2727272727272727,300.59,347.86285714285714,384.07,319.28,330.0,False,within_goal,social_loop
synthetic_user_001,2026-04-01,synthetic,330.0,319.28,70.47,52,64,7,75.56,75.56,127.36,44.99,30.83,40.54,0,2,False,6.14,0.22071535955900778,1.2307692307692308,309.79,346.31857142857143,343.59666666666675,320.84000000000003,330.0,False,within_goal,social_loop
synthetic_user_001,2026-04-02,synthetic,330.0,320.84000000000003,75.03999999999999,60,72,7,72.77,69.01,110.66,41.47,37.14,62.56,0,3,False,5.347333333333334,0.23388604912105718,1.2,319.28,348.1114285714286,309.8866666666667,323.51,330.0,False,within_goal,social_loop
synthetic_user_001,2026-04-03,synthetic,330.0,323.51,98.59,49,41,7,101.4,101.4,98.17,49.81,25.16,48.97,0,4,False,6.602244897959183,0.3047510123334673,0.8367346938775511,320.84000000000003,348.38714285714286,316.6366666666667,396.14,330.0,True,over_goal,night_heavy
synthetic_user_001,2026-04-04,synthetic,330.0,396.14,109.56,76,85,7,128.44,128.44,122.41,81.83,38.67,24.79,0,5,True,5.2123684210526315,0.2765688897864392,1.118421052631579,323.51,346.5185714285714,321.21000000000004,442.6,330.0,True,over_goal,balanced
synthetic_user_001,2026-04-05,synthetic,330.0,442.6,99.82000000000001,59,77,7,153.44,153.44,141.74,75.09,36.07,36.26,0,6,True,7.501694915254237,0.22553095345684593,1.305084745762712,396.14,341.50857142857143,346.83,308.43,330.0,False,within_goal,balanced
synthetic_user_001,2026-04-06,synthetic,330.0,308.43,63.61,43,53,7,75.01,67.17,114.77000000000001,38.28,39.0,49.21,0,0,False,7.172790697674419,0.20623804428881756,1.2325581395348837,442.6,344.67857142857144,387.4166666666667,287.18,330.0,False,within_goal,social_loop
synthetic_user_001,2026-04-07,synthetic,330.0,287.18,73.36,39,30,7,80.85,80.85,101.14,30.6,34.19,40.400000000000006,0,1,False,7.363589743589744,0.25544954384010027,0.7692307692307693,308.43,345.7985714285714,382.39000000000004,294.82,330.0,False,within_goal,social_loop
synthetic_user_001,2026-04-08,synthetic,330.0,294.82,82.15,46,52,7,71.66,71.66,100.35,34.74,39.1,48.97,0,2,False,6.409130434782608,0.27864459670307307,1.1304347826086956,287.18,342.56857142857143,346.07,324.64,330.0,False,within_goal,social_loop
synthetic_user_001,2026-04-09,synthetic,330.0,324.64,54.87,54,68,7,85.8,85.8,116.03,31.51,31.67,59.63,0,3,False,6.011851851851851,0.1690179891572203,1.2592592592592593,294.82,339.07428571428574,296.81,330.82,330.0,True,over_goal,social_loop
synthetic_user_001,2026-04-10,synthetic,330.0,330.82,84.16,36,35,7,97.3,97.3,114.16,36.48,30.87,52.010000000000005,0,4,False,9.189444444444444,0.25439816214255484,0.9722222222222222,324.64,339.6171428571429,302.2133333333333,383.02000000000004,330.0,True,over_goal,social_loop
synthetic_user_001,2026-04-11,synthetic,330.0,383.02000000000004,106.44,46,53,7,119.58,119.58,123.68,69.86,38.59,31.310000000000002,0,5,True,8.326521739130436,0.2778967155762101,1.1521739130434783,330.82,340.6614285714286,316.76,405.29,330.0,True,over_goal,social_loop
synthetic_user_001,2026-04-12,synthetic,330.0,405.29,90.42,59,71,7,143.24,143.24,125.47999999999999,70.85,40.56,25.16,0,6,True,6.869322033898306,0.22309950899356015,1.2033898305084745,383.02000000000004,338.78714285714284,346.16,303.04,330.0,False,within_goal,balanced
synthetic_user_001,2026-04-13,synthetic,330.0,303.04,44.26,54,75,7,82.95,82.95,94.84,32.81,33.13,59.31,0,0,False,5.611851851851852,0.14605332629355858,1.3888888888888888,405.29,333.45714285714286,373.04333333333335,304.51,330.0,False,within_goal,social_loop
synthetic_user_001,2026-04-14,synthetic,330.0,304.51,72.53,40,38,7,76.38,76.38,113.42,31.09,21.75,61.87,0,1,False,7.61275,0.2381859380644314,0.95,303.04,332.6871428571429,363.78333333333336,294.8,330.0,False,within_goal,social_loop
synthetic_user_001,2026-04-15,synthetic,330.0,294.8,54.39,49,59,7,71.95,71.95,102.19,36.04,35.08,49.54,0,2,False,6.016326530612245,0.18449796472184532,1.2040816326530612,304.51,335.1628571428572,337.6133333333334,320.8,330.0,False,within_goal,social_loop
synthetic_user_001,2026-04-16,synthetic,330.0,320.8,67.55,40,43,7,93.1,93.1,113.99000000000001,27.86,35.01,50.84,0,3,False,8.02,0.21056733167082292,1.075,294.8,335.15999999999997,300.78333333333336,331.14,330.0,True,over_goal,social_loop
synthetic_user_001,2026-04-17,synthetic,330.0,331.14,75.79,50,63,7,108.12,108.12,108.31,46.23,20.66,47.82,0,4,False,6.6228,0.22887600410702424,1.26,320.8,334.6114285714286,306.7033333333334,413.14,330.0,True,over_goal,social_loop
synthetic_user_001,2026-04-18,synthetic,330.0,413.14,100.9,68,67,7,124.26,124.26,130.59,74.52,45.58,38.19,0,5,True,6.075588235294117,0.24422713850026628,0.9852941176470589,331.14,334.65714285714284,315.58000000000004,406.45,330.0,True,over_goal,social_loop
synthetic_user_001,2026-04-19,synthetic,330.0,406.45,124.48,59,46,7,111.8,111.8,124.22999999999999,89.24,39.52,41.66,0,6,True,6.888983050847457,0.30626153278386026,0.7796610169491526,413.14,338.96,355.02666666666664,282.57,330.0,False,within_goal,night_heavy
synthetic_user_001,2026-04-20,synthetic,330.0,282.57,68.84,45,68,7,73.87,73.87,95.6,32.18,31.85,49.07,0,0,False,6.279333333333333,0.24362104965141382,1.511111111111111,406.45,339.1257142857143,383.57666666666665,354.78000000000003,330.0,True,over_goal,social_loop
synthetic_user_001,2026-04-21,synthetic,330.0,354.78000000000003,75.79,56,64,7,75.11,75.11,119.17,48.39,48.75,63.36,0,1,False,6.335357142857143,0.2136253452844016,1.1428571428571428,282.57,336.20142857142855,367.3866666666666,321.51,330.0,False,within_goal,social_loop
synthetic_user_001,2026-04-22,synthetic,330.0,321.51,56.5,61,78,7,77.67,77.67,125.81,29.1,33.49,55.44,0,2,False,5.270655737704918,0.17573325868557743,1.278688524590164,354.78000000000003,343.3828571428571,347.9333333333334,252.85,330.0,False,within_goal,social_loop
synthetic_user_001,2026-04-23,synthetic,330.0,252.85,56.11,43,47,7,57.27,44.53,95.71000000000001,21.13,40.59,50.89,0,3,False,5.880232558139535,0.22191022345263992,1.0930232558139534,321.51,347.1985714285715,319.62000000000006,289.53,330.0,False,within_goal,social_loop
synthetic_user_001,2026-04-24,synthetic,330.0,289.53,70.98,50,41,7,92.66,92.66,95.81,22.01,32.78,46.269999999999996,0,4,False,5.7905999999999995,0.24515594238938973,0.82,252.85,337.49142857142857,309.71333333333337,387.03000000000003,330.0,True,over_goal,social_loop
synthetic_user_001,2026-04-25,synthetic,330.0,387.03000000000003,89.81,51,50,7,118.15,118.15,115.71000000000001,77.56,27.76,47.85,0,5,True,7.588823529411766,0.2320491951528305,0.9803921568627451,289.53,331.54714285714283,287.9633333333333,387.88,330.0,True,over_goal,balanced
synthetic_user_001,2026-04-26,synthetic,330.0,387.88,87.96,57,68,7,117.95,117.95,124.10999999999999,72.38,35.19,38.25,0,6,True,6.804912280701754,0.22677116634010516,1.1929824561403508,387.03000000000003,327.8171428571428,309.80333333333334,299.43,330.0,False,within_goal,social_loop
synthetic_user_001,2026-04-27,synthetic,330.0,299.43,61.879999999999995,46,44,7,85.17,85.17,90.53999999999999,33.81,25.12,64.78999999999999,0,0,False,6.509347826086957,0.20665931937347626,0.9565217391304348,387.88,325.1642857142857,354.81333333333333,306.99,330.0,False,within_goal,social_loop
synthetic_user_001,2026-04-28,synthetic,330.0,306.99,61.019999999999996,44,55,7,66.86,66.86,106.48,46.07,41.01,46.57,0,1,False,6.977045454545455,0.198768689533861,1.25,299.43,327.5728571428572,358.1133333333334,318.01,330.0,False,within_goal,social_loop
synthetic_user_001,2026-04-29,synthetic,330.0,318.01,56.290000000000006,60,64,7,90.27,90.27,106.35,30.28,32.97,58.14,0,2,False,5.300166666666667,0.17700701235810198,1.0666666666666667,306.99,320.7457142857143,331.43333333333334,319.04,330.0,False,within_goal,social_loop
synthetic_user_002,2026-01-01,synthetic,285.0,286.96,61.64,46,63,7,78.02,78.02,92.95,27.56,25.83,62.6,0,3,False,6.238260869565217,0.21480345692779484,1.3695652173913044,286.96,331.4783333333334,312.5,283.16,285.0,False,within_goal,social_loop
synthetic_user_002,2026-01-02,synthetic,285.0,283.16,66.77,37,29,7,91.15,91.15,81.32,23.8,22.5,64.39,0,4,False,7.652972972972973,0.23580307953100718,0.7837837837837838,286.96,331.05,302.485,334.24,285.0,True,over_goal,balanced
synthetic_user_002,2026-01-03,synthetic,285.0,334.24,85.39,55,56,7,94.52,94.52,114.78,59.41,26.42,39.11,0,5,True,6.077090909090909,0.25547510770703685,1.018181818181818,283.16,313.7383333333333,285.06,337.49,285.0,True,over_goal,social_loop
synthetic_user_002,2026-01-04,synthetic,285.0,337.49,78.53,50,59,7,108.33,108.33,106.03999999999999,56.07,35.68,31.37,0,6,True,6.7498000000000005,0.23268837595188005,1.18,334.24,304.79833333333335,301.4533333333333,249.54000000000002,285.0,False,within_goal,balanced
synthetic_user_002,2026-01-05,synthetic,285.0,249.54000000000002,69.1,49,46,7,69.76,69.76,73.28,23.48,22.48,60.540000000000006,0,0,False,5.09265306122449,0.2769095135048489,0.9387755102040817,337.49,311.14166666666665,318.2966666666667,257.94,285.0,False,within_goal,social_loop
synthetic_user_002,2026-01-06,synthetic,285.0,257.94,48.3,32,36,7,47.01,44.33,90.13,27.27,25.11,71.1,0,1,False,8.060625,0.1872528494998837,1.125,249.54000000000002,301.56666666666666,307.09,215.16,285.0,False,within_goal,social_loop
synthetic_user_002,2026-01-07,synthetic,285.0,215.16,52.34,38,41,7,44.68,31.71,76.89,22.4,20.03,64.13,0,2,False,5.662105263157895,0.24326082915039973,1.0789473684210527,257.94,291.555,281.6566666666667,278.94,285.0,False,within_goal,social_loop
synthetic_user_002,2026-01-08,synthetic,285.0,278.94,44.809999999999995,52,59,7,57.18,57.18,84.13,32.56,19.52,85.55000000000001,0,3,False,5.364230769230769,0.1606438660643866,1.1346153846153846,215.16,280.64142857142855,240.88,294.93,285.0,True,over_goal,productivity_focused
synthetic_user_002,2026-01-09,synthetic,285.0,294.93,63.39,55,66,7,67.77,67.77,89.38,28.17,25.11,84.5,0,4,False,5.362363636363637,0.21493235683043432,1.2,278.94,279.4957142857143,250.67999999999998,324.49,285.0,True,over_goal,social_loop
synthetic_user_002,2026-01-10,synthetic,285.0,324.49,69.25,52,59,7,87.88,87.88,105.03,68.07,33.05,30.46,0,5,True,6.240192307692308,0.213411815464267,1.1346153846153846,294.93,281.1771428571429,263.01,346.93,285.0,True,over_goal,social_loop
synthetic_user_002,2026-01-11,synthetic,285.0,346.93,78.3,57,47,7,102.9,102.9,102.49000000000001,69.3,33.23,39.01,0,6,True,6.086491228070176,0.22569394402329,0.8245614035087719,324.49,279.7842857142857,299.4533333333334,273.89,285.0,False,within_goal,balanced
synthetic_user_002,2026-01-12,synthetic,285.0,273.89,55.160000000000004,38,54,7,65.33,50.22,105.66,20.01,23.42,74.58,0,0,False,7.207631578947368,0.20139472050823326,1.4210526315789473,346.93,281.1328571428571,322.1166666666667,293.77,285.0,True,over_goal,social_loop
synthetic_user_002,2026-01-13,synthetic,285.0,293.77,53.489999999999995,48,75,7,70.85,70.85,92.83000000000001,39.52,24.48,66.09,0,1,False,6.120208333333333,0.1820812200020424,1.5625,273.89,284.6114285714286,315.10333333333335,302.41,285.0,True,over_goal,social_loop
synthetic_user_002,2026-01-14,synthetic,285.0,302.41,75.44,44,50,7,75.66,75.66,94.78,30.68,33.82,67.47,0,2,False,6.872954545454546,0.24946265004464135,1.1363636363636365,293.77,289.73,304.8633333333333,266.90999999999997,285.0,False,within_goal,social_loop
synthetic_user_002,2026-01-15,synthetic,285.0,266.90999999999997,48.44,47,37,7,59.01,59.01,83.0,30.0,24.67,70.22999999999999,0,3,False,5.678936170212765,0.18148439548911618,0.7872340425531915,302.41,302.19428571428574,290.0233333333333,300.43,285.0,True,over_goal,social_loop
synthetic_user_002,2026-01-16,synthetic,285.0,300.43,68.76,51,60,7,100.4,100.4,70.06,31.39,16.69,81.89,0,4,False,5.89078431372549,0.2288719502047066,1.1764705882352942,266.90999999999997,300.4757142857143,287.69666666666666,319.95,285.0,True,over_goal,balanced
synthetic_user_002,2026-01-17,synthetic,285.0,319.95,89.4,48,43,7,96.18,96.18,104.62,61.7,27.22,30.229999999999997,0,5,True,6.6656249999999995,0.27941865916549463,0.8958333333333334,300.43,301.26142857142855,289.9166666666667,345.44,285.0,True,over_goal,social_loop
synthetic_user_002,2026-01-18,synthetic,285.0,345.44,67.35,60,81,7,89.98,89.98,106.3,62.93,35.25,50.980000000000004,0,6,True,5.757333333333333,0.19496873552570634,1.35,319.95,300.61285714285714,295.7633333333333,292.72,285.0,True,over_goal,social_loop
synthetic_user_002,2026-01-19,synthetic,285.0,292.72,65.42,48,50,7,61.48,61.48,72.16,41.49,38.03,79.56,0,0,False,6.098333333333334,0.22349002459688438,1.0416666666666667,345.44,300.40000000000003,321.94,315.84000000000003,285.0,True,over_goal,productivity_focused
synthetic_user_002,2026-01-20,synthetic,285.0,315.84000000000003,50.79,45,55,7,72.87,72.87,103.97,31.47,27.64,79.89,0,1,False,7.018666666666667,0.1608092705167173,1.2222222222222223,292.72,303.09000000000003,319.37,288.44,285.0,True,over_goal,social_loop
synthetic_user_002,2026-01-21,synthetic,285.0,288.44,67.04,50,66,7,50.08,50.08,86.15,37.75,29.44,85.02,0,2,False,5.7688,0.23242268756067122,1.32,315.84000000000003,306.24285714285713,318.00000000000006,310.41,285.0,True,over_goal,social_loop
synthetic_user_002,2026-01-22,synthetic,285.0,310.41,57.02,54,53,7,79.25,79.25,86.19,35.01,31.52,78.44,0,3,False,5.748333333333334,0.1836925356786186,0.9814814814814815,288.44,304.2471428571429,299.0,321.44,285.0,True,over_goal,social_loop
synthetic_user_002,2026-01-23,synthetic,285.0,321.44,54.239999999999995,46,56,7,82.19,82.19,96.5,34.7,31.55,76.5,0,4,False,6.987826086956522,0.1687406669985067,1.2173913043478262,310.41,310.4614285714286,304.8966666666667,337.66,285.0,True,over_goal,social_loop
synthetic_user_002,2026-01-24,synthetic,285.0,337.66,94.36,49,50,7,108.5,108.5,104.03,59.76,31.32,34.05,0,5,True,6.891020408163266,0.2794527039033347,1.0204081632653061,321.44,313.46285714285716,306.7633333333333,324.8,285.0,True,over_goal,balanced
synthetic_user_002,2026-01-25,synthetic,285.0,324.8,70.36,60,64,7,99.71,99.71,104.15,58.51,26.18,36.25,0,6,True,5.413333333333333,0.21662561576354677,1.0666666666666667,337.66,315.99285714285713,323.17,298.25,285.0,True,over_goal,social_loop
synthetic_user_002,2026-01-26,synthetic,285.0,298.25,57.82,48,65,7,65.69,64.45,104.06,29.7,28.13,71.91,0,0,False,6.213541666666667,0.1938642078792959,1.3541666666666667,324.8,313.0442857142857,327.9666666666667,291.84,285.0,True,over_goal,social_loop
synthetic_user_002,2026-01-27,synthetic,285.0,291.84,62.11,47,51,7,72.32,72.32,87.35,31.33,24.64,76.2,0,1,False,6.2093617021276595,0.21282209429824564,1.0851063829787233,298.25,313.8342857142857,320.2366666666667,248.3,285.0,False,within_goal,social_loop
synthetic_user_002,2026-01-28,synthetic,285.0,248.3,35.19,42,45,7,60.38,60.38,82.38,16.29,25.56,63.69,0,2,False,5.911904761904762,0.14172372130487312,1.0714285714285714,291.84,310.4057142857143,304.9633333333333,235.76,285.0,False,within_goal,social_loop
synthetic_user_002,2026-01-29,synthetic,285.0,235.76,43.64,42,58,7,48.27,36.6,82.1,23.45,24.04,69.57,0,3,False,5.613333333333333,0.1851034950797421,1.380952380952381,248.3,304.6714285714285,279.4633333333333,313.28,285.0,True,over_goal,social_loop
synthetic_user_002,2026-01-30,synthetic,285.0,313.28,89.67999999999999,45,48,7,107.41,107.41,89.27,30.72,9.56,76.32,0,4,False,6.961777777777777,0.2862614913176711,1.0666666666666667,235.76,294.00714285714287,258.63333333333327,359.42,285.0,True,over_goal,night_heavy
synthetic_user_002,2026-01-31,synthetic,285.0,359.42,87.56,58,46,7,99.33,99.33,117.53999999999999,67.76,33.22,41.56999999999999,0,5,True,6.196896551724138,0.24361471259251016,0.7931034482758621,313.28,292.84142857142854,265.78,322.81,285.0,True,over_goal,social_loop
synthetic_user_002,2026-02-01,synthetic,285.0,322.81,88.75,50,43,7,98.17,98.17,102.72999999999999,58.1,27.5,36.31,0,6,True,6.4562,0.27492952510764845,0.86,359.42,295.95,302.82,256.94,285.0,False,within_goal,social_loop
synthetic_user_002,2026-02-02,synthetic,285.0,256.94,61.589999999999996,44,48,7,47.87,47.87,79.59,25.05,30.54,73.89,0,0,False,5.839545454545455,0.23970576788355258,1.0909090909090908,322.81,295.6657142857143,331.83666666666664,280.65999999999997,285.0,False,within_goal,social_loop
synthetic_user_002,2026-02-03,synthetic,285.0,280.65999999999997,59.47,48,60,7,66.84,66.84,80.75999999999999,38.6,22.49,71.97,0,1,False,5.847083333333333,0.2118933941423787,1.25,256.94,289.7642857142857,313.0566666666667,309.1,285.0,True,over_goal,social_loop
synthetic_user_002,2026-02-04,synthetic,285.0,309.1,73.06,51,71,7,68.18,64.42,113.32000000000001,34.74,22.77,73.85,0,2,False,6.060784313725491,0.23636363636363636,1.392156862745098,280.65999999999997,288.16714285714284,286.80333333333334,234.07,285.0,False,within_goal,social_loop
synthetic_user_002,2026-02-05,synthetic,285.0,234.07,35.0,45,69,7,55.8,45.55,81.13,14.23,28.73,64.43,0,3,False,5.201555555555555,0.14952791899859016,1.5333333333333334,309.1,296.8528571428571,282.2333333333333,280.61,285.0,False,within_goal,social_loop
synthetic_user_002,2026-02-06,synthetic,285.0,280.61,45.36,56,91,7,76.09,76.09,79.61,31.9,22.71,70.3,0,4,False,5.010892857142857,0.16164783863725454,1.625,234.07,296.6114285714285,274.60999999999996,282.39,285.0,False,within_goal,social_loop
synthetic_user_002,2026-02-07,synthetic,285.0,282.39,67.44,39,36,7,82.23,82.23,68.14,64.32,26.22,41.48,0,5,True,7.240769230769231,0.2388186550515245,0.9230769230769231,280.61,291.9442857142857,274.5933333333333,342.83,285.0,True,over_goal,balanced
synthetic_user_002,2026-02-08,synthetic,285.0,342.83,77.15,51,51,7,105.35,105.35,97.6,66.23,30.74,42.91,0,6,True,6.722156862745098,0.2250386488930374,1.0,282.39,280.94,265.69,296.48,285.0,True,over_goal,balanced
synthetic_user_002,2026-02-09,synthetic,285.0,296.48,60.63,42,39,7,84.67,84.67,70.5,43.14,23.88,74.29,0,0,False,7.05904761904762,0.20449946033459254,0.9285714285714286,342.83,283.8,301.9433333333333,295.01,285.0,True,over_goal,balanced
synthetic_user_002,2026-02-10,synthetic,285.0,295.01,71.08,48,53,7,68.19,65.27,94.32,44.73,26.47,64.22,0,1,False,6.146041666666666,0.2409409850513542,1.1041666666666667,296.48,289.4485714285714,307.23333333333335,286.22,285.0,True,over_goal,social_loop
synthetic_user_002,2026-02-11,synthetic,285.0,286.22,72.53,30,28,7,57.55,57.55,86.27000000000001,30.86,36.27,75.27000000000001,0,2,False,9.540666666666668,0.25340647054713156,0.9333333333333333,295.01,291.49857142857144,311.44,301.39,285.0,True,over_goal,social_loop
synthetic_user_002,2026-02-12,synthetic,285.0,301.39,58.94,50,52,7,70.26,70.26,93.4,25.84,32.82,79.07,0,3,False,6.0278,0.19556056936195626,1.04,286.22,288.22999999999996,292.57,316.05,285.0,True,over_goal,social_loop
synthetic_user_002,2026-02-13,synthetic,285.0,316.05,66.03,46,55,7,73.05,73.05,98.24000000000001,37.27,33.54,73.94999999999999,0,4,False,6.870652173913044,0.20892263882297105,1.1956521739130435,301.39,297.84714285714284,294.20666666666665,344.23,285.0,True,over_goal,social_loop
synthetic_user_002,2026-02-14,synthetic,285.0,344.23,96.28999999999999,63,77,7,103.97,103.97,119.10999999999999,55.44,25.32,40.39,0,5,True,5.463968253968254,0.27972576475031224,1.2222222222222223,316.05,302.90999999999997,301.22,281.05,285.0,False,within_goal,social_loop
synthetic_user_002,2026-02-15,synthetic,285.0,281.05,65.57000000000001,47,55,7,98.3,98.3,94.08,48.31,16.09,24.27,0,6,True,5.979787234042553,0.23330368261875112,1.1702127659574468,344.23,311.7442857142857,320.5566666666667,217.0,285.0,False,within_goal,balanced
synthetic_user_002,2026-02-16,synthetic,285.0,217.0,51.48,47,62,7,51.87,51.87,65.44,34.24,14.64,50.81,0,0,False,4.617021276595745,0.23723502304147465,1.3191489361702127,281.05,302.91857142857145,313.7766666666667,211.04,285.0,False,within_goal,social_loop
synthetic_user_002,2026-02-17,synthetic,285.0,211.04,34.15,43,55,7,55.7,39.72,73.06,20.85,24.92,52.489999999999995,0,1,False,4.907906976744186,0.16181766489764973,1.2790697674418605,217.0,291.56428571428575,280.76,241.26,285.0,False,within_goal,social_loop
synthetic_user_002,2026-02-18,synthetic,285.0,241.26,52.26,50,50,7,67.09,67.09,61.29,34.32,20.0,58.56,0,2,False,4.8252,0.2166127828898284,1.0,211.04,279.56857142857143,236.36333333333334,223.22,285.0,False,within_goal,balanced
synthetic_user_002,2026-02-19,synthetic,285.0,223.22,43.95,35,44,7,47.59,47.59,76.65,27.41,13.81,57.76,0,3,False,6.377714285714286,0.19689095959143446,1.2571428571428571,241.26,273.1457142857143,223.1,212.9,285.0,False,within_goal,social_loop
synthetic_user_002,2026-02-20,synthetic,285.0,212.9,50.86,37,62,7,50.19,36.27,72.66,27.02,21.06,55.89,0,4,False,5.754054054054055,0.23889149835603568,1.6756756756756757,223.22,261.97857142857146,225.17333333333332,217.43,285.0,False,within_goal,social_loop
synthetic_user_002,2026-02-21,synthetic,285.0,217.43,43.010000000000005,35,42,7,55.72,55.72,74.2,34.6,23.14,29.77,0,5,True,6.212285714285715,0.19781078967943708,1.2,212.9,247.24285714285716,225.79333333333332,255.36,285.0,False,within_goal,social_loop
synthetic_user_002,2026-02-22,synthetic,285.0,255.36,54.4,51,48,7,90.98,90.98,65.67,53.49,23.3,21.92,0,6,True,5.0070588235294125,0.21303258145363407,0.9411764705882353,217.43,229.1285714285714,217.85000000000002,194.07,285.0,False,within_goal,balanced
synthetic_user_002,2026-02-23,synthetic,285.0,194.07,38.7,35,35,7,38.16,31.42,72.66,28.03,17.66,44.3,0,0,False,5.5448571428571425,0.19941258308857632,1.0,255.36,225.45857142857145,228.56333333333336,217.73,285.0,False,within_goal,social_loop
synthetic_user_002,2026-02-24,synthetic,285.0,217.73,51.15,44,47,7,49.54,24.47,87.37,40.17,16.8,48.92,0,1,False,4.948409090909091,0.23492398842603224,1.0681818181818181,194.07,222.18285714285713,222.28666666666666,193.6,285.0,False,within_goal,social_loop
synthetic_user_002,2026-02-25,synthetic,285.0,193.6,46.43,34,32,7,37.17,31.36,50.49,15.5,27.22,69.03,0,2,False,5.694117647058824,0.23982438016528926,0.9411764705882353,217.73,223.13857142857142,222.38666666666666,179.77,285.0,False,within_goal,productivity_focused
synthetic_user_002,2026-02-26,synthetic,285.0,179.77,38.5,40,44,7,36.72,16.59,73.28,21.61,14.96,53.33,0,3,False,4.49425,0.21416254102464258,1.1,193.6,216.32999999999998,201.79999999999998,198.02,285.0,False,within_goal,social_loop
synthetic_user_002,2026-02-27,synthetic,285.0,198.02,63.21,32,35,7,56.34,56.34,61.290000000000006,18.16,12.62,49.61,0,4,False,6.188125,0.3192101807898192,1.09375,179.77,210.12285714285716,197.03333333333333,247.08,285.0,False,within_goal,night_heavy
synthetic_user_002,2026-02-28,synthetic,285.0,247.08,63.62,36,44,7,91.37,91.37,75.39,28.71,20.35,31.259999999999998,0,5,True,6.863333333333333,0.25748745345637036,1.2222222222222223,198.02,207.99714285714285,190.46333333333334,381.85,285.0,True,over_goal,balanced
synthetic_user_002,2026-03-01,synthetic,285.0,381.85,81.19,52,70,7,115.42,115.42,111.6,64.23,31.14,59.46,0,6,True,7.3432692307692315,0.21262275762734056,1.3461538461538463,247.08,212.23285714285717,208.29,239.55,285.0,False,within_goal,balanced
synthetic_user_002,2026-03-02,synthetic,285.0,239.55,41.269999999999996,39,41,7,45.45,45.45,71.54,25.32,23.68,73.56,0,0,False,6.142307692307693,0.17228136088499266,1.0512820512820513,381.85,230.30285714285714,275.65000000000003,299.87,285.0,True,over_goal,productivity_focused
synthetic_user_002,2026-03-03,synthetic,285.0,299.87,36.28,43,49,7,85.66,85.66,82.45,24.62,26.65,80.49,0,1,False,6.973720930232559,0.12098576049621503,1.1395348837209303,239.55,236.8,289.49333333333334,294.99,285.0,True,over_goal,balanced
synthetic_user_002,2026-03-04,synthetic,285.0,294.99,79.39,46,52,7,82.21,82.21,89.69,19.2,37.87,66.02,0,2,False,6.412826086956522,0.2691277670429506,1.1304347826086956,299.87,248.53428571428572,307.09,269.58,285.0,False,within_goal,social_loop
synthetic_user_002,2026-03-05,synthetic,285.0,269.58,40.46,50,69,7,60.13,53.67,89.68,34.12,17.38,74.73,0,3,False,5.3915999999999995,0.15008531790192153,1.38,294.99,263.0185714285714,278.1366666666667,299.28,285.0,True,over_goal,social_loop
synthetic_user_002,2026-03-06,synthetic,285.0,299.28,64.73,57,70,7,77.85,77.85,73.66,49.4,26.32,72.05,0,4,False,5.2505263157894735,0.21628575247260093,1.2280701754385965,269.58,275.84857142857146,288.1466666666667,319.05,285.0,True,over_goal,balanced
synthetic_user_002,2026-03-07,synthetic,285.0,319.05,72.07,49,45,7,72.85,72.85,95.61,66.06,35.72,48.81,0,5,True,6.511224489795919,0.22588935903463403,0.9183673469387755,299.28,290.3142857142857,287.95,350.18,285.0,True,over_goal,social_loop
synthetic_user_002,2026-03-08,synthetic,285.0,350.18,77.04,45,47,7,97.17,97.17,114.28,60.64,22.81,55.28,0,6,True,7.781777777777778,0.2200011422696899,1.0444444444444445,319.05,300.5957142857143,295.96999999999997,282.87,285.0,False,within_goal,social_loop
synthetic_user_002,2026-03-09,synthetic,285.0,282.87,52.5,57,71,7,57.47,57.47,94.56,30.02,25.14,75.68,0,0,False,4.962631578947368,0.1855976243504083,1.2456140350877194,350.18,296.07142857142856,322.83666666666664,247.57999999999998,285.0,False,within_goal,social_loop
synthetic_user_002,2026-03-10,synthetic,285.0,247.57999999999998,38.22,39,31,7,54.71,54.71,71.69,28.44,29.86,62.879999999999995,0,1,False,6.3482051282051275,0.1543743436464981,0.7948717948717948,282.87,302.25999999999993,317.3666666666667,254.16,285.0,False,within_goal,social_loop
synthetic_user_002,2026-03-11,synthetic,285.0,254.16,65.15,44,48,7,61.49,61.49,76.57,21.15,31.59,63.36,0,2,False,5.776363636363636,0.256334592382751,1.0909090909090908,247.57999999999998,294.79,293.5433333333333,287.0,285.0,True,over_goal,social_loop
synthetic_user_002,2026-03-12,synthetic,285.0,287.0,53.19,45,56,7,51.37,51.37,93.18,34.52,20.39,87.53999999999999,0,3,False,6.377777777777778,0.18533101045296166,1.2444444444444445,254.16,288.95714285714286,261.5366666666667,283.78999999999996,285.0,False,within_goal,social_loop
synthetic_user_002,2026-03-13,synthetic,285.0,283.78999999999996,53.32,41,50,7,78.3,78.3,69.25999999999999,36.58,25.7,73.94999999999999,0,4,False,6.92170731707317,0.1878854082243913,1.2195121951219512,287.0,291.44571428571425,262.91333333333336,316.13,285.0,True,over_goal,balanced
synthetic_user_002,2026-03-14,synthetic,285.0,316.13,85.99,57,54,7,96.94,96.94,82.27,60.35,30.7,45.87,0,5,True,5.5461403508771925,0.2720083509948439,0.9473684210526315,283.78999999999996,289.23285714285714,274.98333333333335,316.69,285.0,True,over_goal,balanced
synthetic_user_002,2026-03-15,synthetic,285.0,316.69,70.69,32,38,7,88.31,88.31,99.16,65.01,30.77,33.44,0,6,True,9.8965625,0.2232151315166251,1.1875,316.13,288.8157142857143,295.64,271.26,285.0,False,within_goal,social_loop
synthetic_user_002,2026-03-16,synthetic,285.0,271.26,49.58,40,48,7,49.06,49.06,82.28,39.05,24.75,76.12,0,0,False,6.781499999999999,0.18277667182776672,1.2,316.69,284.0314285714286,305.53666666666663,229.66,285.0,False,within_goal,social_loop
synthetic_user_002,2026-03-17,synthetic,285.0,229.66,43.08,34,42,7,53.58,31.96,87.6,31.9,23.55,54.65,0,1,False,6.754705882352941,0.18758164242793696,1.2352941176470589,271.26,282.37285714285713,301.35999999999996,260.41999999999996,285.0,False,within_goal,social_loop
synthetic_user_002,2026-03-18,synthetic,285.0,260.41999999999996,52.09,35,44,7,57.48,57.48,65.12,36.3,21.88,79.64,0,2,False,7.4405714285714275,0.20002303970509183,1.2571428571428571,229.66,279.8128571428571,272.5366666666667,265.44,285.0,False,within_goal,productivity_focused
synthetic_user_002,2026-03-19,synthetic,285.0,265.44,54.02,44,55,7,65.05,65.05,64.46000000000001,36.02,22.59,77.32,0,3,False,6.032727272727272,0.20351115129596142,1.25,260.41999999999996,280.70714285714286,253.77999999999997,276.74,285.0,False,within_goal,productivity_focused
synthetic_user_002,2026-03-20,synthetic,285.0,276.74,46.84,38,48,7,63.5,63.5,90.58000000000001,27.58,29.02,66.06,0,4,False,7.282631578947369,0.16925634169256343,1.263157894736842,265.44,277.6271428571428,251.84,325.54,285.0,True,over_goal,social_loop
synthetic_user_002,2026-03-21,synthetic,285.0,325.54,72.22,53,72,7,92.31,92.31,100.1,50.4,35.06,47.67,0,5,True,6.142264150943396,0.22184677766173125,1.3584905660377358,276.74,276.62,267.53333333333336,316.88,285.0,True,over_goal,social_loop
synthetic_user_002,2026-03-22,synthetic,285.0,316.88,65.39,44,26,7,82.83,82.83,102.75,65.19,32.41,33.7,0,6,True,7.201818181818182,0.20635571825296642,0.5909090909090909,325.54,277.9642857142857,289.24,273.14,285.0,False,within_goal,social_loop
synthetic_user_002,2026-03-23,synthetic,285.0,273.14,50.03,52,52,7,66.39,66.39,80.78999999999999,26.54,31.64,67.78,0,0,False,5.252692307692308,0.18316614190525007,1.0,316.88,277.99142857142857,306.3866666666667,273.05,285.0,False,within_goal,social_loop
synthetic_user_002,2026-03-24,synthetic,285.0,273.05,34.71,47,52,7,64.84,43.25,98.02000000000001,35.08,31.12,65.58,0,1,False,5.809574468085106,0.12711957516938288,1.1063829787234043,273.14,278.26000000000005,305.18666666666667,280.62,285.0,False,within_goal,social_loop
synthetic_user_002,2026-03-25,synthetic,285.0,280.62,50.1,43,43,7,54.82,53.5,89.42,46.08,25.13,66.49,0,2,False,6.526046511627907,0.1785332478084242,1.0,273.05,284.4585714285714,287.69,265.0,285.0,False,within_goal,social_loop
synthetic_user_002,2026-03-26,synthetic,285.0,265.0,51.0,59,76,7,53.07,53.07,86.65,22.95,29.26,73.07,0,3,False,4.491525423728813,0.19245283018867926,1.2881355932203389,280.62,287.3442857142857,275.60333333333335,288.46000000000004,285.0,True,over_goal,social_loop
synthetic_user_002,2026-03-27,synthetic,285.0,288.46000000000004,46.51,37,41,7,66.75,66.75,89.17,23.23,31.98,77.33,0,4,False,7.796216216216218,0.16123552658947513,1.1081081081081081,265.0,287.2814285714286,272.89000000000004,339.11,285.0,True,over_goal,social_loop
synthetic_user_002,2026-03-28,synthetic,285.0,339.11,64.9,39,62,7,92.07,92.07,104.03999999999999,69.78,31.21,42.010000000000005,0,5,True,8.695128205128205,0.19138332694405946,1.5897435897435896,288.46000000000004,288.9557142857143,278.0266666666667,323.6,285.0,True,over_goal,social_loop
synthetic_user_002,2026-03-29,synthetic,285.0,323.6,72.48,44,53,7,96.87,96.87,95.24000000000001,69.22,21.23,41.04,0,6,True,7.354545454545455,0.22398022249690977,1.2045454545454546,339.11,290.89428571428573,297.52333333333337,250.03,285.0,False,within_goal,balanced
synthetic_user_002,2026-03-30,synthetic,285.0,250.03,63.22,49,51,7,49.37,42.87,74.96,36.1,28.8,67.3,0,0,False,5.10265306122449,0.2528496580410351,1.0408163265306123,323.6,291.8542857142857,317.05666666666673,257.07,285.0,False,within_goal,social_loop
synthetic_user_002,2026-03-31,synthetic,285.0,257.07,56.11,38,45,7,55.59,55.59,82.44,34.83,16.06,68.15,0,1,False,6.765,0.21826739798498465,1.1842105263157894,250.03,288.55285714285714,304.24666666666667,290.25,285.0,True,over_goal,social_loop
synthetic_user_002,2026-04-01,synthetic,285.0,290.25,65.52,53,70,7,70.98,70.98,89.03999999999999,31.43,22.93,75.87,0,2,False,5.476415094339623,0.22573643410852712,1.320754716981132,257.07,286.27,276.90000000000003,312.77,285.0,True,over_goal,social_loop
synthetic_user_002,2026-04-02,synthetic,285.0,312.77,44.72,58,81,7,65.11,65.11,100.39,31.32,31.87,84.08000000000001,0,3,False,5.392586206896551,0.14298046487834512,1.396551724137931,290.25,287.6457142857143,265.78333333333336,296.29,285.0,True,over_goal,social_loop
synthetic_user_002,2026-04-03,synthetic,285.0,296.29,55.47,46,41,7,80.41,80.41,81.74000000000001,21.28,30.32,82.53999999999999,0,4,False,6.4410869565217395,0.18721522832360185,0.8913043478260869,312.77,294.46999999999997,286.6966666666667,354.76,285.0,True,over_goal,productivity_focused
synthetic_user_002,2026-04-04,synthetic,285.0,354.76,65.25,46,44,7,110.58,110.58,110.42,58.74,30.22,44.8,0,5,True,7.712173913043478,0.183927162025031,0.9565217391304348,296.29,295.5885714285714,299.77000000000004,308.88,285.0,True,over_goal,balanced
synthetic_user_002,2026-04-05,synthetic,285.0,308.88,75.6,42,44,7,79.46,79.46,98.39,72.82,25.94,32.269999999999996,0,6,True,7.354285714285714,0.24475524475524474,1.0476190476190477,354.76,297.82428571428574,321.27333333333337,253.5,285.0,False,within_goal,social_loop
synthetic_user_002,2026-04-06,synthetic,285.0,253.5,56.06,43,43,7,46.9,44.95,81.27,22.41,23.42,81.45,0,0,False,5.895348837209302,0.2211439842209073,1.0,308.88,295.7214285714286,319.9766666666667,282.37,285.0,False,within_goal,productivity_focused
synthetic_user_002,2026-04-07,synthetic,285.0,282.37,53.67,53,68,7,62.32,62.32,89.91999999999999,23.36,24.03,82.74000000000001,0,1,False,5.327735849056604,0.19006976661826683,1.2830188679245282,253.5,296.21714285714285,305.71333333333337,261.86,285.0,False,within_goal,social_loop
synthetic_user_002,2026-04-08,synthetic,285.0,261.86,60.06,52,59,7,56.8,56.8,87.46,26.53,21.47,69.6,0,2,False,5.035769230769231,0.22935919957229053,1.1346153846153846,282.37,299.83142857142855,281.58333333333337,274.67,285.0,False,within_goal,social_loop
synthetic_user_002,2026-04-09,synthetic,285.0,274.67,54.01,30,36,7,58.99,58.99,75.53,26.9,29.89,83.36000000000001,0,3,False,9.155666666666667,0.19663596315578694,1.2,261.86,295.7757142857143,265.91,307.43,285.0,True,over_goal,productivity_focused
synthetic_user_002,2026-04-10,synthetic,285.0,307.43,60.839999999999996,55,77,7,78.98,78.98,104.50999999999999,38.95,23.76,61.230000000000004,0,4,False,5.589636363636364,0.19789870864912337,1.4,274.67,290.3328571428571,272.9666666666667,352.35,285.0,True,over_goal,social_loop
synthetic_user_002,2026-04-11,synthetic,285.0,352.35,86.67,48,70,7,89.54,89.54,120.63999999999999,56.58,37.38,48.21,0,5,True,7.340625,0.24597701149425286,1.4583333333333333,307.43,291.9242857142857,281.32000000000005,325.87,285.0,True,over_goal,social_loop
synthetic_user_002,2026-04-12,synthetic,285.0,325.87,67.9,59,74,7,92.71,92.71,102.75,54.41,25.25,50.75,0,6,True,5.523220338983051,0.2083652990456317,1.2542372881355932,352.35,291.58,311.4833333333334,247.54000000000002,285.0,False,within_goal,social_loop
synthetic_user_002,2026-04-13,synthetic,285.0,247.54000000000002,44.33,50,55,7,48.45,38.19,83.62,30.62,24.1,71.01,0,0,False,4.9508,0.17908216853841802,1.1,325.87,294.00714285714287,328.55,282.59000000000003,285.0,False,within_goal,social_loop
synthetic_user_002,2026-04-14,synthetic,285.0,282.59000000000003,52.18,50,64,7,57.66,57.66,89.12,23.15,33.21,79.45,0,1,False,5.651800000000001,0.18464913832761243,1.28,247.54000000000002,293.1557142857143,308.58666666666664,253.99,285.0,False,within_goal,social_loop
synthetic_user_002,2026-04-15,synthetic,285.0,253.99,48.11,35,29,7,61.49,61.49,68.43,29.58,19.49,75.0,0,2,False,7.256857142857143,0.18941690617740856,0.8285714285714286,282.59000000000003,293.1871428571429,285.3333333333334,276.51,285.0,False,within_goal,productivity_focused
synthetic_user_002,2026-04-16,synthetic,285.0,276.51,49.41,41,59,7,69.85,46.77,104.0,25.21,32.3,68.23,0,3,False,6.744146341463415,0.17869154822610392,1.4390243902439024,253.99,292.0628571428571,261.3733333333334,235.42,285.0,False,within_goal,social_loop
synthetic_user_002,2026-04-17,synthetic,285.0,235.42,55.03,38,38,7,58.98,58.98,75.92,31.18,23.72,45.620000000000005,0,4,False,6.195263157894736,0.23375244244329285,1.0,276.51,292.3257142857143,271.03000000000003,355.52,285.0,True,over_goal,social_loop
synthetic_user_002,2026-04-18,synthetic,285.0,355.52,67.24000000000001,62,54,7,115.58,115.58,96.72,59.84,37.39,45.989999999999995,0,5,True,5.734193548387096,0.18913141314131415,0.8709677419354839,235.42,282.0385714285714,255.3066666666667,330.65,285.0,True,over_goal,balanced
synthetic_user_002,2026-04-19,synthetic,285.0,330.65,70.48,55,74,7,80.84,80.84,115.78,63.47,38.86,31.7,0,6,True,6.011818181818182,0.21315590503553608,1.3454545454545455,355.52,282.49142857142857,289.15000000000003,286.3,285.0,True,over_goal,social_loop
synthetic_user_002,2026-04-20,synthetic,285.0,286.3,74.11,52,62,7,62.98,51.72,95.25,42.41,16.76,80.16,0,0,False,5.505769230769231,0.2588543485853999,1.1923076923076923,330.65,283.1742857142857,307.19666666666666,272.61,285.0,False,within_goal,social_loop
synthetic_user_002,2026-04-21,synthetic,285.0,272.61,64.28,46,55,7,73.9,73.9,84.6,22.42,34.61,57.08,0,1,False,5.926304347826087,0.23579472506511132,1.1956521739130435,286.3,288.7114285714286,324.1566666666667,233.32,285.0,False,within_goal,social_loop
synthetic_user_002,2026-04-22,synthetic,285.0,233.32,51.56,42,54,7,61.6,61.6,61.67999999999999,22.35,19.51,68.17999999999999,0,2,False,5.555238095238095,0.2209840562317847,1.2857142857142858,272.61,287.2857142857143,296.52000000000004,267.62,285.0,False,within_goal,productivity_focused
synthetic_user_002,2026-04-23,synthetic,285.0,267.62,48.67,51,75,7,58.55,58.55,92.07,20.33,29.29,67.38,0,3,False,5.2474509803921565,0.18186234212689634,1.4705882352941178,233.32,284.3328571428571,264.0766666666667,265.29,285.0,False,within_goal,social_loop
synthetic_user_002,2026-04-24,synthetic,285.0,265.29,57.05,53,58,7,87.17,87.17,76.56,12.45,22.07,67.03999999999999,0,4,False,5.005471698113208,0.2150476836669305,1.0943396226415094,267.62,283.0628571428571,257.8500000000001,333.96,285.0,True,over_goal,balanced
synthetic_user_002,2026-04-25,synthetic,285.0,333.96,71.76,58,49,7,110.27,110.27,101.25999999999999,49.2,29.72,43.51,0,5,True,5.757931034482758,0.21487603305785127,0.8448275862068966,265.29,287.33,255.41000000000005,345.05,285.0,True,over_goal,balanced
synthetic_user_002,2026-04-26,synthetic,285.0,345.05,76.23,51,67,7,85.66,85.66,105.08,60.77,45.2,48.34,0,6,True,6.765686274509804,0.22092450369511665,1.3137254901960784,333.96,284.25,288.9566666666667,268.27,285.0,False,within_goal,social_loop
synthetic_user_002,2026-04-27,synthetic,285.0,268.27,62.230000000000004,55,68,7,60.96,51.32,89.89,27.27,26.1,73.69,0,0,False,4.8776363636363635,0.2319677936407351,1.2363636363636363,345.05,286.3071428571428,314.7666666666667,235.95,285.0,False,within_goal,social_loop
synthetic_user_002,2026-04-28,synthetic,285.0,235.95,61.410000000000004,29,36,7,70.86,70.86,59.06,17.74,24.15,64.14,0,1,False,8.136206896551723,0.2602670057215512,1.2413793103448276,268.27,283.7314285714286,315.76000000000005,260.51,285.0,False,within_goal,balanced
synthetic_user_002,2026-04-29,synthetic,285.0,260.51,39.59,41,54,7,55.39,50.07,85.03999999999999,24.74,27.64,73.02,0,2,False,6.35390243902439,0.1519711335457372,1.3170731707317074,235.95,278.4942857142857,283.0900000000001,260.34,285.0,False,within_goal,social_loop
synthetic_user_003,2026-01-01,synthetic,400.0,339.72,76.87,49,57,7,85.95,75.99,129.94,42.17,49.36,42.260000000000005,0,3,False,6.933061224489797,0.22627457906511245,1.163265306122449,339.72,284.8383333333333,248.23000000000002,406.47,400.0,True,over_goal,social_loop
synthetic_user_003,2026-01-02,synthetic,400.0,406.47,85.54,57,66,7,145.06,145.06,131.73000000000002,48.79,29.64,51.25,0,4,False,7.131052631578948,0.21044603537776466,1.1578947368421053,339.72,297.24333333333334,300.11500000000007,457.78999999999996,400.0,True,over_goal,balanced
synthetic_user_003,2026-01-03,synthetic,400.0,457.78999999999996,117.65,73,57,7,142.98,142.98,155.04,89.1,45.66,25.009999999999998,0,5,True,6.271095890410958,0.2569955656523734,0.7808219178082192,406.47,309.3283333333333,373.0950000000001,480.89,400.0,True,over_goal,social_loop
synthetic_user_003,2026-01-04,synthetic,400.0,480.89,101.15,81,79,7,144.67,144.67,172.32999999999998,88.4,50.35,25.14,0,6,True,5.936913580246913,0.21033916280230408,0.9753086419753086,457.78999999999996,328.11833333333334,401.32666666666665,342.52,400.0,False,within_goal,social_loop
synthetic_user_003,2026-01-05,synthetic,400.0,342.52,80.28,41,55,7,97.86,97.86,129.28,46.4,37.83,31.15,0,0,False,8.354146341463414,0.23438047413289737,1.3414634146341464,480.89,363.555,448.3833333333334,349.92,400.0,False,within_goal,social_loop
synthetic_user_003,2026-01-06,synthetic,400.0,349.92,74.34,66,89,7,93.73,93.73,132.6,43.75,37.41,42.43,0,1,False,5.301818181818182,0.21244855967078188,1.3484848484848484,342.52,381.31666666666666,427.06666666666666,320.02,400.0,False,within_goal,social_loop
synthetic_user_003,2026-01-07,synthetic,400.0,320.02,56.760000000000005,50,62,7,77.64,77.64,123.06,43.32,37.07,38.93,0,2,False,6.400399999999999,0.1773639147553278,1.24,349.92,396.2183333333333,391.11000000000007,379.86,400.0,False,within_goal,social_loop
synthetic_user_003,2026-01-08,synthetic,400.0,379.86,86.22,67,97,7,98.89,98.89,138.38,50.17,42.3,50.12,0,3,False,5.66955223880597,0.2269783604485863,1.4477611940298507,320.02,385.3328571428571,337.4866666666667,371.61,400.0,False,within_goal,social_loop
synthetic_user_003,2026-01-09,synthetic,400.0,371.61,89.85,65,79,7,131.16,131.16,116.37,41.35,30.61,52.120000000000005,0,4,False,5.717076923076923,0.24178574311778475,1.2153846153846153,379.86,391.0671428571428,349.9333333333334,500.71,400.0,True,over_goal,balanced
synthetic_user_003,2026-01-10,synthetic,400.0,500.71,124.69,78,70,7,163.67,163.67,150.3,98.55,62.02,26.17,0,5,True,6.419358974358974,0.24902638253679776,0.8974358974358975,371.61,386.08714285714285,357.16333333333336,486.03,400.0,True,over_goal,balanced
synthetic_user_003,2026-01-11,synthetic,400.0,486.03,103.25,77,90,7,159.59,159.59,136.65,102.3,57.86,29.630000000000003,0,6,True,6.312077922077922,0.21243544637162315,1.1688311688311688,500.71,392.2185714285714,417.3933333333334,339.2,400.0,False,within_goal,balanced
synthetic_user_003,2026-01-12,synthetic,400.0,339.2,79.2,63,84,7,89.37,75.51,137.24,29.35,50.92,46.18,0,0,False,5.384126984126984,0.23349056603773585,1.3333333333333333,486.03,392.95285714285717,452.78333333333336,355.7,400.0,False,within_goal,social_loop
synthetic_user_003,2026-01-13,synthetic,400.0,355.7,75.11,43,56,7,89.82,89.82,124.15,45.2,44.74,51.790000000000006,0,1,False,8.272093023255813,0.2111610908068597,1.302325581395349,339.2,392.4785714285714,441.98,393.82,400.0,False,within_goal,social_loop
synthetic_user_003,2026-01-14,synthetic,400.0,393.82,94.4,65,70,7,111.19,111.19,138.57,59.09,43.92,41.05,0,2,False,6.05876923076923,0.23970341780508864,1.0769230769230769,355.7,393.30428571428575,393.6433333333334,390.11,400.0,False,within_goal,social_loop
synthetic_user_003,2026-01-15,synthetic,400.0,390.11,76.85,60,45,7,85.01,81.18,145.87,62.02,52.92,48.120000000000005,0,3,False,6.501833333333334,0.19699571915613542,0.75,393.82,403.84714285714284,362.9066666666667,397.89,400.0,False,within_goal,social_loop
synthetic_user_003,2026-01-16,synthetic,400.0,397.89,99.47,54,79,7,147.83,147.83,128.64,37.14,27.97,56.31,0,4,False,7.368333333333333,0.2499937168564176,1.462962962962963,390.11,405.31142857142856,379.8766666666667,494.33000000000004,400.0,True,over_goal,balanced
synthetic_user_003,2026-01-17,synthetic,400.0,494.33000000000004,118.41,73,61,7,165.02,165.02,165.21,101.81,48.01,14.280000000000001,0,5,True,6.771643835616439,0.23953634211963665,0.8356164383561644,397.89,409.06571428571425,393.94000000000005,473.88,400.0,True,over_goal,social_loop
synthetic_user_003,2026-01-18,synthetic,400.0,473.88,101.67,77,81,7,141.03,141.03,168.73000000000002,99.4,46.41,18.310000000000002,0,6,True,6.154285714285714,0.2145479868321094,1.051948051948052,494.33000000000004,408.1542857142858,427.4433333333334,332.07,400.0,False,within_goal,social_loop
synthetic_user_003,2026-01-19,synthetic,400.0,332.07,78.09,47,62,7,86.94,72.27,130.32,53.34,39.83,36.31,0,0,False,7.06531914893617,0.23516126117987174,1.3191489361702127,473.88,406.4185714285714,455.36666666666673,408.67,400.0,True,over_goal,social_loop
synthetic_user_003,2026-01-20,synthetic,400.0,408.67,87.16,71,62,7,129.21,129.21,128.81,53.6,50.61,46.44,0,1,False,5.7559154929577465,0.21327721633591895,0.8732394366197183,332.07,405.40000000000003,433.42666666666673,363.53,400.0,False,within_goal,balanced
synthetic_user_003,2026-01-21,synthetic,400.0,363.53,64.24,62,91,7,91.25,80.11,153.4,58.03,31.93,40.06,0,2,False,5.8633870967741935,0.17671168816878938,1.467741935483871,408.67,412.96714285714285,404.8733333333334,368.32,400.0,False,within_goal,social_loop
synthetic_user_003,2026-01-22,synthetic,400.0,368.32,92.7,83,93,7,110.67,110.67,140.67000000000002,36.79,41.4,38.79,0,3,False,4.437590361445783,0.2516833188531712,1.1204819277108433,363.53,408.64,368.0900000000001,378.69,400.0,False,within_goal,social_loop
synthetic_user_003,2026-01-23,synthetic,400.0,378.69,81.83,61,63,7,127.22,127.22,134.1,35.72,35.58,46.06999999999999,0,4,False,6.208032786885246,0.21608703689033246,1.0327868852459017,368.32,405.52714285714285,380.17333333333335,456.03,400.0,True,over_goal,social_loop
synthetic_user_003,2026-01-24,synthetic,400.0,456.03,106.82000000000001,69,68,7,148.4,148.4,148.49,97.83,41.01,20.3,0,5,True,6.6091304347826085,0.23423897550599745,0.9855072463768116,378.69,402.7842857142858,370.18,504.61,400.0,True,over_goal,social_loop
synthetic_user_003,2026-01-25,synthetic,400.0,504.61,118.59,70,75,7,159.06,159.06,158.95999999999998,107.65,49.2,29.740000000000002,0,6,True,7.208714285714286,0.23501317849428272,1.0714285714285714,456.03,397.31285714285707,401.0133333333333,340.02,400.0,False,within_goal,balanced
synthetic_user_003,2026-01-26,synthetic,400.0,340.02,80.36,55,58,7,83.14,73.86,135.45,43.79,37.35,49.57,0,0,False,6.182181818181818,0.23633903888006588,1.0545454545454545,504.61,401.70285714285717,446.4433333333334,351.32,400.0,False,within_goal,social_loop
synthetic_user_003,2026-01-27,synthetic,400.0,351.32,67.37,45,65,7,90.64,90.64,142.61,40.72,40.91,36.44,0,1,False,7.807111111111111,0.19176249573038825,1.4444444444444444,340.02,402.8385714285714,433.55333333333334,350.2,400.0,False,within_goal,social_loop
synthetic_user_003,2026-01-28,synthetic,400.0,350.2,62.480000000000004,57,71,7,81.14,76.38,131.34,52.78,34.51,55.19,0,2,False,6.143859649122807,0.17841233580810967,1.2456140350877194,351.32,394.6457142857143,398.65000000000003,362.28000000000003,400.0,False,within_goal,social_loop
synthetic_user_003,2026-01-29,synthetic,400.0,362.28000000000003,70.64,54,66,7,104.06,104.06,131.73000000000002,43.64,43.68,39.17,0,3,False,6.70888888888889,0.19498730263884287,1.2222222222222223,350.2,392.74142857142857,347.18000000000006,382.78,400.0,False,within_goal,social_loop
synthetic_user_003,2026-01-30,synthetic,400.0,382.78,98.67,59,44,7,125.89,125.89,133.13,42.9,39.13,41.730000000000004,0,4,False,6.487796610169491,0.25777208840587285,0.7457627118644068,362.28000000000003,391.87857142857143,354.6000000000001,524.13,400.0,True,over_goal,social_loop
synthetic_user_003,2026-01-31,synthetic,400.0,524.13,119.87,67,75,7,173.77,173.77,167.26,97.33,42.79,42.980000000000004,0,5,True,7.822835820895523,0.2287028027397783,1.1194029850746268,382.78,392.4628571428571,365.08666666666676,530.26,400.0,True,over_goal,balanced
synthetic_user_003,2026-02-01,synthetic,400.0,530.26,126.28,74,64,7,178.3,178.3,172.2,105.9,47.11,26.75,0,6,True,7.165675675675676,0.2381473239542866,0.8648648648648649,524.13,402.1914285714286,423.06333333333333,345.56,400.0,False,within_goal,balanced
synthetic_user_003,2026-02-02,synthetic,400.0,345.56,63.75,52,51,7,83.61,78.68,138.74,48.97,44.02,35.150000000000006,0,0,False,6.645384615384615,0.18448315777289037,0.9807692307692307,530.26,405.85571428571427,479.0566666666667,361.75,400.0,False,within_goal,social_loop
synthetic_user_003,2026-02-03,synthetic,400.0,361.75,70.79,58,84,7,87.7,75.3,138.67000000000002,51.05,45.7,51.03,0,1,False,6.237068965517241,0.19568762957843816,1.4482758620689655,345.56,406.6471428571429,466.65000000000003,353.35,400.0,False,within_goal,social_loop
synthetic_user_003,2026-02-04,synthetic,400.0,353.35,91.00999999999999,55,60,7,89.51,89.51,125.88,50.3,38.4,49.26,0,2,False,6.424545454545455,0.2575633224847884,1.0909090909090908,361.75,408.13714285714286,412.52333333333337,356.87,400.0,False,within_goal,social_loop
synthetic_user_003,2026-02-05,synthetic,400.0,356.87,67.54,59,78,7,99.58,99.58,140.76999999999998,48.16,30.08,38.28,0,3,False,6.0486440677966105,0.18925659203631576,1.3220338983050848,353.35,408.58714285714285,353.55333333333334,386.84000000000003,400.0,False,within_goal,social_loop
synthetic_user_003,2026-02-06,synthetic,400.0,386.84000000000003,81.13000000000001,70,58,7,139.08,139.08,109.07999999999998,54.52,46.37,37.79,0,4,False,5.526285714285715,0.20972495088408646,0.8285714285714286,356.87,407.8142857142857,357.32333333333344,529.87,400.0,True,over_goal,balanced
synthetic_user_003,2026-02-07,synthetic,400.0,529.87,128.72,69,92,7,173.56,173.56,163.45,103.99,52.15,36.72,0,5,True,7.67927536231884,0.24292751052144865,1.3333333333333333,386.84000000000003,408.39428571428573,365.6866666666667,494.31000000000006,400.0,True,over_goal,balanced
synthetic_user_003,2026-02-08,synthetic,400.0,494.31000000000006,116.13,64,79,7,163.83,163.83,165.77,105.51,46.77,12.43,0,6,True,7.723593750000001,0.2349335437276203,1.234375,529.87,409.2142857142857,424.5266666666667,375.08,400.0,False,within_goal,social_loop
synthetic_user_003,2026-02-09,synthetic,400.0,375.08,82.35,63,73,7,109.25,109.25,132.43,52.78,44.49,36.129999999999995,0,0,False,5.953650793650794,0.21955316199210834,1.1587301587301588,494.31000000000006,404.07857142857137,470.34000000000015,353.53000000000003,400.0,False,within_goal,social_loop
synthetic_user_003,2026-02-10,synthetic,400.0,353.53000000000003,76.29,59,62,7,87.9,87.9,134.27,61.9,36.81,32.65,0,1,False,5.992033898305086,0.21579498203829944,1.0508474576271187,375.08,408.29571428571427,466.4200000000001,387.12,400.0,False,within_goal,social_loop
synthetic_user_003,2026-02-11,synthetic,400.0,387.12,77.42,55,71,7,96.43,96.43,138.07,59.73,41.55,51.34,0,2,False,7.038545454545455,0.19998966728662948,1.290909090909091,353.53000000000003,407.12142857142857,407.6400000000001,344.88,400.0,False,within_goal,social_loop
synthetic_user_003,2026-02-12,synthetic,400.0,344.88,72.64,52,60,7,81.75,76.44,149.01,44.95,41.1,33.38,0,3,False,6.632307692307692,0.21062398515425657,1.1538461538461537,387.12,411.94571428571425,371.9100000000001,401.79,400.0,True,over_goal,social_loop
synthetic_user_003,2026-02-13,synthetic,400.0,401.79,88.73,54,58,7,129.47,129.47,126.82000000000001,58.2,43.13,44.17,0,4,False,7.440555555555556,0.22083675551905224,1.0740740740740742,344.88,410.23285714285714,361.8433333333334,487.8,400.0,True,over_goal,balanced
synthetic_user_003,2026-02-14,synthetic,400.0,487.8,125.9,68,70,7,162.33,162.33,154.05,89.58,47.34,34.5,0,5,True,7.173529411764706,0.25809758097580976,1.0294117647058822,401.79,412.36857142857144,377.93000000000006,377.8,400.0,False,within_goal,balanced
synthetic_user_003,2026-02-15,synthetic,400.0,377.8,80.18,64,69,7,117.15,117.15,111.38,79.95,42.74,26.58,0,6,True,5.903125,0.2122286924298571,1.078125,487.8,406.35857142857145,411.49000000000007,292.78,400.0,False,within_goal,balanced
synthetic_user_003,2026-02-16,synthetic,400.0,292.78,51.59,63,66,7,67.16,67.16,98.88,47.65,36.11,42.980000000000004,0,0,False,4.647301587301587,0.17620739121524698,1.0476190476190477,377.8,389.7142857142857,422.4633333333334,317.9,400.0,False,within_goal,social_loop
synthetic_user_003,2026-02-17,synthetic,400.0,317.9,70.77,40,41,7,83.5,83.5,118.16999999999999,38.18,39.32,38.73,0,1,False,7.9475,0.22261717521233093,1.025,292.78,377.9571428571429,386.1266666666668,284.9,400.0,False,within_goal,social_loop
synthetic_user_003,2026-02-18,synthetic,400.0,284.9,76.1,46,49,7,70.22,64.11,116.82,38.48,25.59,39.9,0,2,False,6.193478260869565,0.2671112671112671,1.065217391304348,317.9,372.8671428571429,329.4933333333334,309.48,400.0,False,within_goal,social_loop
synthetic_user_003,2026-02-19,synthetic,400.0,309.48,63.95,51,46,7,73.03,73.03,109.87,44.05,41.08,41.45,0,3,False,6.068235294117647,0.20663693938218947,0.9019607843137255,284.9,358.2642857142857,298.5266666666667,280.61,400.0,False,within_goal,social_loop
synthetic_user_003,2026-02-20,synthetic,400.0,280.61,68.53,58,71,7,90.98,90.98,102.36,32.6,29.69,24.98,0,4,False,4.838103448275862,0.24421795374362995,1.2241379310344827,309.48,353.20714285714286,304.0933333333334,346.03999999999996,400.0,False,within_goal,social_loop
synthetic_user_003,2026-02-21,synthetic,400.0,346.03999999999996,77.44,48,56,7,107.86,107.86,118.28999999999999,66.74,33.1,20.05,0,5,True,7.209166666666666,0.22378915732285287,1.1666666666666667,280.61,335.8957142857143,291.6633333333334,385.77,400.0,False,within_goal,social_loop
synthetic_user_003,2026-02-22,synthetic,400.0,385.77,81.86,64,70,7,120.09,120.09,139.45,71.36,35.58,19.29,0,6,True,6.02765625,0.21219897866604454,1.09375,346.03999999999996,315.6442857142857,312.04333333333346,265.16,400.0,False,within_goal,social_loop
synthetic_user_003,2026-02-23,synthetic,400.0,265.16,58.24,42,41,7,65.52,53.9,117.66999999999999,34.05,23.72,35.82,0,0,False,6.313333333333334,0.21964097148891235,0.9761904761904762,385.77,316.78285714285715,337.4733333333334,257.03000000000003,400.0,False,within_goal,social_loop
synthetic_user_003,2026-02-24,synthetic,400.0,257.03000000000003,44.05,49,77,7,65.51,65.51,100.28999999999999,31.35,31.67,28.21,0,1,False,5.245510204081633,0.17138077267245067,1.5714285714285714,265.16,312.8371428571428,332.3233333333334,279.21,400.0,False,within_goal,social_loop
synthetic_user_003,2026-02-25,synthetic,400.0,279.21,58.54,50,38,7,72.49,59.3,121.83,39.51,36.11,22.46,0,2,False,5.584199999999999,0.20966297768704562,0.76,257.03000000000003,304.1414285714286,302.6533333333334,249.78,400.0,False,within_goal,social_loop
synthetic_user_003,2026-02-26,synthetic,400.0,249.78,58.76,39,36,7,56.12,56.12,102.22,34.71,29.24,27.490000000000002,0,3,False,6.404615384615385,0.23524701737529025,0.9230769230769231,279.21,303.3285714285715,267.13333333333344,273.22,400.0,False,within_goal,social_loop
synthetic_user_003,2026-02-27,synthetic,400.0,273.22,63.39,43,29,7,88.52,88.52,93.56,30.44,27.12,33.58,0,4,False,6.353953488372094,0.23201083376033962,0.6744186046511628,249.78,294.8,262.0066666666667,368.87,400.0,False,within_goal,social_loop
synthetic_user_003,2026-02-28,synthetic,400.0,368.87,73.55,58,63,7,105.84,105.84,128.17,69.06,42.1,23.7,0,5,True,6.3598275862068965,0.19939273998969825,1.0862068965517242,273.22,293.7442857142857,267.4033333333334,455.83000000000004,400.0,True,over_goal,social_loop
synthetic_user_003,2026-03-01,synthetic,400.0,455.83000000000004,120.58,60,56,7,156.58,156.58,146.23000000000002,89.06,44.86,19.1,0,6,True,7.597166666666667,0.2645284426211526,0.9333333333333333,368.87,297.0057142857143,297.2900000000001,339.4,400.0,False,within_goal,balanced
synthetic_user_003,2026-03-02,synthetic,400.0,339.4,86.4,69,78,7,93.15,93.15,120.64,43.05,41.84,40.72,0,0,False,4.918840579710144,0.25456688273423694,1.1304347826086956,455.83000000000004,307.0142857142858,365.9733333333334,397.19,400.0,False,within_goal,social_loop
synthetic_user_003,2026-03-03,synthetic,400.0,397.19,91.01,70,87,7,94.81,94.81,154.79,56.23,42.91,48.45,0,1,False,5.674142857142857,0.2291346710642262,1.2428571428571429,339.4,317.62,388.0333333333335,376.06,400.0,False,within_goal,social_loop
synthetic_user_003,2026-03-04,synthetic,400.0,376.06,75.5,56,85,7,92.24,92.24,131.84,48.93,42.04,61.01,0,2,False,6.715357142857143,0.20076583523905758,1.5178571428571428,397.19,337.64285714285717,397.4733333333334,358.89,400.0,False,within_goal,social_loop
synthetic_user_003,2026-03-05,synthetic,400.0,358.89,86.42,54,55,7,104.94,104.94,129.09,49.72,37.78,37.36,0,3,False,6.646111111111111,0.24079801610521331,1.0185185185185186,376.06,351.4785714285714,370.8833333333334,345.59,400.0,False,within_goal,social_loop
synthetic_user_003,2026-03-06,synthetic,400.0,345.59,78.99000000000001,44,59,7,125.99,125.99,113.03,43.5,26.24,36.83,0,4,False,7.854318181818181,0.22856564136693774,1.3409090909090908,358.89,367.0657142857143,377.3800000000001,506.6,400.0,True,over_goal,balanced
synthetic_user_003,2026-03-07,synthetic,400.0,506.6,129.14000000000001,93,102,7,153.08,153.08,165.24,109.99,49.74,28.55,0,5,True,5.447311827956989,0.25491512041058034,1.096774193548387,345.59,377.4042857142857,360.18000000000006,494.02000000000004,400.0,True,over_goal,social_loop
synthetic_user_003,2026-03-08,synthetic,400.0,494.02000000000004,117.12,83,100,7,166.35,166.35,166.82,100.18,43.77,16.9,0,6,True,5.952048192771085,0.23707542204769036,1.2048192771084338,506.6,397.08,403.6933333333334,338.5,400.0,False,within_goal,social_loop
synthetic_user_003,2026-03-09,synthetic,400.0,338.5,84.83,55,57,7,97.73,97.73,117.1,48.31,40.05,35.31,0,0,False,6.154545454545454,0.2506056129985229,1.0363636363636364,494.02000000000004,402.5357142857143,448.73666666666674,373.06,400.0,False,within_goal,social_loop
synthetic_user_003,2026-03-10,synthetic,400.0,373.06,76.07,46,49,7,111.98,111.98,111.35,53.75,40.82,55.16,0,1,False,8.11,0.2039082185171286,1.065217391304348,338.5,402.4071428571429,446.37333333333345,369.59999999999997,400.0,False,within_goal,balanced
synthetic_user_003,2026-03-11,synthetic,400.0,369.59999999999997,59.03,57,77,7,101.13,101.13,137.34,45.87,40.4,44.86,0,2,False,6.484210526315789,0.15971320346320347,1.3508771929824561,373.06,398.96000000000004,401.86000000000007,407.03,400.0,True,over_goal,social_loop
synthetic_user_003,2026-03-12,synthetic,400.0,407.03,97.85,56,67,7,107.83,107.83,136.53,58.18,51.29,53.2,0,3,False,7.268392857142857,0.24039997051814363,1.1964285714285714,369.59999999999997,398.0371428571429,360.38666666666677,404.12,400.0,True,over_goal,social_loop
synthetic_user_003,2026-03-13,synthetic,400.0,404.12,76.56,67,54,7,126.46,126.46,144.44,50.89,40.59,41.739999999999995,0,4,False,6.031641791044776,0.18944867861031378,0.8059701492537313,407.03,404.91428571428565,383.23,492.36,400.0,True,over_goal,social_loop
synthetic_user_003,2026-03-14,synthetic,400.0,492.36,124.48,76,106,7,151.65,151.65,181.13,91.97,45.79,21.82,0,5,True,6.478421052631579,0.2528231375416362,1.394736842105263,404.12,413.27571428571434,393.5833333333334,493.71,400.0,True,over_goal,social_loop
synthetic_user_003,2026-03-15,synthetic,400.0,493.71,110.71,84,92,7,163.21,163.21,174.25,91.83,44.3,20.119999999999997,0,6,True,5.8774999999999995,0.22424095116566406,1.0952380952380953,492.36,411.24142857142857,434.5033333333334,374.61,400.0,False,within_goal,social_loop
synthetic_user_003,2026-03-16,synthetic,400.0,374.61,74.16,48,62,7,96.34,96.34,139.99,34.32,55.41,48.55,0,0,False,7.804375,0.1979658845199007,1.2916666666666667,493.71,411.19714285714286,463.39666666666676,349.12,400.0,False,within_goal,social_loop
synthetic_user_003,2026-03-17,synthetic,400.0,349.12,60.620000000000005,56,68,7,97.81,97.81,114.08,59.09,46.72,31.42,0,1,False,6.234285714285714,0.1736365719523373,1.2142857142857142,374.61,416.3557142857143,453.5600000000001,371.15,400.0,False,within_goal,social_loop
synthetic_user_003,2026-03-18,synthetic,400.0,371.15,72.24,56,63,7,91.34,91.34,138.60999999999999,43.4,41.12,56.68000000000001,0,2,False,6.627678571428571,0.19463828640711303,1.125,349.12,412.93571428571425,405.81333333333345,383.90999999999997,400.0,False,within_goal,social_loop
synthetic_user_003,2026-03-19,synthetic,400.0,383.90999999999997,78.92,63,55,7,116.92,116.92,136.62,45.47,35.87,49.03,0,3,False,6.093809523809523,0.20556901357088903,0.873015873015873,371.15,413.15714285714284,364.96000000000004,382.71,400.0,False,within_goal,social_loop
synthetic_user_003,2026-03-20,synthetic,400.0,382.71,79.42,63,85,7,116.36,116.36,146.3,43.02,33.41,43.620000000000005,0,4,False,6.074761904761904,0.20752005434924617,1.3492063492063493,383.90999999999997,409.8542857142857,368.0600000000001,454.73,400.0,True,over_goal,social_loop
synthetic_user_003,2026-03-21,synthetic,400.0,454.73,102.78,52,44,7,136.57,136.57,154.89,98.94,44.53,19.8,0,5,True,8.744807692307692,0.22602423416093065,0.8461538461538461,382.71,406.79571428571427,379.25666666666666,537.88,400.0,True,over_goal,social_loop
synthetic_user_003,2026-03-22,synthetic,400.0,537.88,122.39,70,79,7,174.48,174.48,180.37,102.61,59.64,20.78,0,6,True,7.684,0.22754145906150072,1.1285714285714286,454.73,401.42,407.1166666666668,364.71999999999997,400.0,False,within_goal,social_loop
synthetic_user_003,2026-03-23,synthetic,400.0,364.71999999999997,90.79,58,52,7,93.35,93.35,145.02,50.29,37.29,38.769999999999996,0,0,False,6.288275862068965,0.24893068655406891,0.896551724137931,537.88,407.73,458.44000000000005,355.19,400.0,False,within_goal,social_loop
synthetic_user_003,2026-03-24,synthetic,400.0,355.19,82.63,51,67,7,85.87,84.5,147.29000000000002,50.1,34.04,39.260000000000005,0,1,False,6.964509803921569,0.2326360539429601,1.3137254901960784,364.71999999999997,406.3171428571428,452.4433333333334,327.05,400.0,False,within_goal,social_loop
synthetic_user_003,2026-03-25,synthetic,400.0,327.05,80.76,54,55,7,100.64,100.64,108.89,45.84,37.74,33.94,0,2,False,6.056481481481482,0.246934719461856,1.0185185185185186,355.19,407.1842857142857,419.2633333333334,365.3,400.0,False,within_goal,social_loop
synthetic_user_003,2026-03-26,synthetic,400.0,365.3,63.78,46,68,7,86.92,85.21,142.72,44.17,35.69,57.510000000000005,0,3,False,7.941304347826088,0.17459622228305502,1.4782608695652173,327.05,400.88428571428574,348.98666666666674,390.69,400.0,False,within_goal,social_loop
synthetic_user_003,2026-03-27,synthetic,400.0,390.69,83.39,61,60,7,136.54,136.54,142.5,43.26,36.49,31.900000000000002,0,4,False,6.404754098360656,0.21344288310425147,0.9836065573770492,365.3,398.2257142857143,349.18000000000006,515.45,400.0,True,over_goal,social_loop
synthetic_user_003,2026-03-28,synthetic,400.0,515.45,124.59,70,64,7,158.37,158.37,176.32,108.37,49.62,22.77,0,5,True,7.363571428571429,0.24171112620040738,0.9142857142857143,390.69,399.36571428571426,361.0133333333334,537.42,400.0,True,over_goal,social_loop
synthetic_user_003,2026-03-29,synthetic,400.0,537.42,133.57,82,103,7,178.7,178.7,183.91,103.2,48.74,22.87,0,6,True,6.55390243902439,0.24853931747981095,1.2560975609756098,515.45,408.03999999999996,423.81333333333345,383.08,400.0,False,within_goal,social_loop
synthetic_user_003,2026-03-30,synthetic,400.0,383.08,81.89,58,80,7,91.96,91.96,140.11,60.33,39.45,51.230000000000004,0,0,False,6.604827586206897,0.2137673592983189,1.3793103448275863,537.42,407.97428571428566,481.1866666666667,418.09999999999997,400.0,True,over_goal,social_loop
synthetic_user_003,2026-03-31,synthetic,400.0,418.09999999999997,99.96000000000001,54,65,7,121.49,121.49,148.13,55.34,45.05,48.09,0,1,False,7.742592592592592,0.23908155943554177,1.2037037037037037,383.08,410.59714285714284,478.65000000000003,382.79,400.0,False,within_goal,social_loop
synthetic_user_003,2026-04-01,synthetic,400.0,382.79,80.69,63,52,7,97.39,97.08,147.89,53.13,44.79,39.9,0,2,False,6.076031746031746,0.2107944303665195,0.8253968253968254,418.09999999999997,419.5842857142857,446.2,366.16,400.0,False,within_goal,social_loop
synthetic_user_003,2026-04-02,synthetic,400.0,366.16,80.16,61,72,7,92.56,92.56,131.19,48.22,47.88,46.31,0,3,False,6.0026229508196725,0.21892069040856454,1.180327868852459,382.79,427.54714285714283,394.6566666666667,424.49,400.0,True,over_goal,social_loop
synthetic_user_003,2026-04-03,synthetic,400.0,424.49,99.2,67,85,7,128.56,128.56,173.75,46.91,38.47,36.8,0,4,False,6.335671641791045,0.2336921953402907,1.2686567164179106,366.16,427.67,389.0166666666667,509.7,400.0,True,over_goal,social_loop
synthetic_user_003,2026-04-04,synthetic,400.0,509.7,122.25,86,93,7,173.52,173.52,164.68,103.9,44.14,23.46,0,5,True,5.926744186046512,0.23984696880517953,1.0813953488372092,424.49,432.4985714285714,391.1466666666667,512.37,400.0,True,over_goal,balanced
synthetic_user_003,2026-04-05,synthetic,400.0,512.37,121.72,85,75,7,171.47,171.47,151.81,111.44,47.79,29.86,0,6,True,6.027882352941177,0.23756269883092296,0.8823529411764706,509.7,431.6771428571429,433.45000000000005,346.19,400.0,False,within_goal,balanced
synthetic_user_003,2026-04-06,synthetic,400.0,346.19,66.14,46,59,7,89.39,89.39,128.1,47.69,37.43,43.58,0,0,False,7.525869565217391,0.1910511568791704,1.2826086956521738,512.37,428.09857142857146,482.1866666666667,381.94,400.0,False,within_goal,social_loop
synthetic_user_003,2026-04-07,synthetic,400.0,381.94,64.44,58,80,7,104.66,104.66,120.62,52.29,42.36,62.01,0,1,False,6.585172413793104,0.16871759962297742,1.3793103448275863,346.19,422.8285714285715,456.08666666666676,370.1,400.0,False,within_goal,social_loop
synthetic_user_003,2026-04-08,synthetic,400.0,370.1,89.52,44,34,7,94.84,94.84,137.81,41.68,39.7,56.07,0,2,False,8.411363636363637,0.24188057281815722,0.7727272727272727,381.94,417.66285714285715,413.5,328.19,400.0,False,within_goal,social_loop
synthetic_user_003,2026-04-09,synthetic,400.0,328.19,55.699999999999996,55,53,7,81.65,81.65,119.21000000000001,45.59,38.67,43.07,0,3,False,5.967090909090909,0.1697187604741156,0.9636363636363636,370.1,415.84999999999997,366.07666666666677,406.23,400.0,True,over_goal,social_loop
synthetic_user_003,2026-04-10,synthetic,400.0,406.23,85.09,74,70,7,129.16,129.16,132.66,52.89,39.05,52.47,0,4,False,5.489594594594595,0.20946261969820051,0.9459459459459459,328.19,410.42571428571426,360.07666666666677,513.1,400.0,True,over_goal,social_loop
synthetic_user_003,2026-04-11,synthetic,400.0,513.1,124.15,80,67,7,160.49,160.49,170.82,100.05,55.85,25.89,0,5,True,6.41375,0.24196063145585656,0.8375,406.23,407.8171428571428,368.1733333333334,496.21000000000004,400.0,True,over_goal,social_loop
synthetic_user_003,2026-04-12,synthetic,400.0,496.21000000000004,113.81,65,72,7,167.4,167.4,156.57,94.34,48.74,29.16,0,6,True,7.634,0.2293585377158864,1.1076923076923078,513.1,408.30285714285714,415.84000000000015,341.33,400.0,False,within_goal,balanced
synthetic_user_003,2026-04-13,synthetic,400.0,341.33,71.21000000000001,59,67,7,98.69,76.35,151.82999999999998,37.84,39.84,35.47,0,0,False,5.785254237288135,0.2086250842293382,1.1355932203389831,496.21000000000004,405.9942857142857,471.8466666666668,386.14,400.0,False,within_goal,social_loop
synthetic_user_003,2026-04-14,synthetic,400.0,386.14,80.1,60,74,7,105.61,105.61,134.23000000000002,47.63,43.5,55.17,0,1,False,6.435666666666666,0.20743771689024706,1.2333333333333334,341.33,405.3,450.2133333333334,378.68,400.0,False,within_goal,social_loop
synthetic_user_003,2026-04-15,synthetic,400.0,378.68,67.2,54,55,7,102.87,102.87,133.54,55.45,39.37,47.45,0,2,False,7.0125925925925925,0.17745854019224674,1.0185185185185186,386.14,405.9,407.89333333333343,374.15999999999997,400.0,False,within_goal,social_loop
synthetic_user_003,2026-04-16,synthetic,400.0,374.15999999999997,75.99,62,63,7,90.05,77.42,143.23,56.21,46.39,50.91,0,3,False,6.034838709677419,0.20309493264913406,1.0161290322580645,378.68,407.1257142857143,368.71666666666675,398.03,400.0,False,within_goal,social_loop
synthetic_user_003,2026-04-17,synthetic,400.0,398.03,101.47,71,82,7,148.35,148.35,139.66,38.92,35.58,35.519999999999996,0,4,False,5.606056338028169,0.2549305328744065,1.1549295774647887,374.15999999999997,413.6928571428571,379.66000000000014,498.53,400.0,True,over_goal,balanced
synthetic_user_003,2026-04-18,synthetic,400.0,498.53,119.97,89,86,7,154.65,154.65,162.76,117.05,43.65,20.42,0,5,True,5.601460674157303,0.24064750366076265,0.9662921348314607,398.03,412.52142857142854,383.62333333333345,493.01,400.0,True,over_goal,social_loop
synthetic_user_003,2026-04-19,synthetic,400.0,493.01,111.97,67,81,7,157.19,157.19,163.37,100.33,50.34,21.78,0,6,True,7.358358208955224,0.22711506865986492,1.208955223880597,498.53,410.44,423.57333333333344,378.67,400.0,False,within_goal,social_loop
synthetic_user_003,2026-04-20,synthetic,400.0,378.67,59.64,82,91,7,82.23,82.23,127.31,67.89,48.05,53.19,0,0,False,4.617926829268293,0.15749861356854253,1.1097560975609757,493.01,409.98285714285714,463.19000000000005,350.14,400.0,False,within_goal,social_loop
synthetic_user_003,2026-04-21,synthetic,400.0,350.14,79.73,52,49,7,94.18,94.18,107.22,66.46,42.89,39.39,0,1,False,6.733461538461539,0.22770891643342664,0.9423076923076923,378.67,415.3171428571428,456.73666666666674,392.31,400.0,False,within_goal,social_loop
synthetic_user_003,2026-04-22,synthetic,400.0,392.31,79.07,56,85,7,103.59,103.59,149.57999999999998,45.02,45.65,48.47,0,2,False,7.005535714285714,0.20154979480512858,1.5178571428571428,350.14,410.17428571428576,407.2733333333335,356.33,400.0,False,within_goal,social_loop
synthetic_user_003,2026-04-23,synthetic,400.0,356.33,90.63,67,80,7,97.56,97.56,135.05,34.37,47.59,41.760000000000005,0,3,False,5.318358208955224,0.25434288440490554,1.1940298507462686,392.31,412.12142857142857,373.70666666666676,401.71000000000004,400.0,True,over_goal,social_loop
synthetic_user_003,2026-04-24,synthetic,400.0,401.71000000000004,90.6,49,49,7,121.04,121.04,119.91,67.87,40.84,52.05,0,4,False,8.198163265306123,0.22553583430833185,1.0,356.33,409.57428571428574,366.26000000000005,490.3,400.0,True,over_goal,balanced
synthetic_user_003,2026-04-25,synthetic,400.0,490.3,117.28,61,68,7,161.56,161.56,160.3,88.15,51.02,29.270000000000003,0,5,True,8.037704918032787,0.2392004894962268,1.1147540983606556,401.71000000000004,410.09999999999997,383.4500000000001,497.71999999999997,400.0,True,over_goal,balanced
synthetic_user_003,2026-04-26,synthetic,400.0,497.71999999999997,95.77,80,82,7,161.04,161.04,158.55,101.12,58.49,18.52,0,6,True,6.2215,0.19241742345093626,1.025,490.3,408.92428571428576,416.11333333333346,360.36,400.0,False,within_goal,balanced
synthetic_user_003,2026-04-27,synthetic,400.0,360.36,78.67,54,77,7,101.43,101.43,134.94,51.45,35.63,36.91,0,0,False,6.673333333333334,0.21830946830946832,1.4259259259259258,497.71999999999997,409.59714285714284,463.2433333333335,370.72,400.0,False,within_goal,social_loop
synthetic_user_003,2026-04-28,synthetic,400.0,370.72,90.83,67,101,7,95.86,95.86,143.67000000000002,57.59,38.33,35.269999999999996,0,1,False,5.5331343283582095,0.24500971083297365,1.507462686567164,360.36,406.98142857142864,449.4600000000001,373.04,400.0,False,within_goal,social_loop
synthetic_user_003,2026-04-29,synthetic,400.0,373.04,84.2,59,78,7,99.45,99.45,138.67000000000002,62.38,38.43,34.11,0,2,False,6.32271186440678,0.22571306026163412,1.3220338983050848,370.72,409.9214285714285,409.60000000000014,356.07,400.0,False,within_goal,social_loop
